"../../../Engine/Plugins/2D/Paper2D/Content/PlaceholderTextures/DummySpriteTexture.ubulk" 0
"../../../Engine/Plugins/2D/Paper2D/Content/PlaceholderTextures/DummySpriteTexture.uasset" 1
"../../../Engine/Plugins/2D/Paper2D/Content/PlaceholderTextures/DummySpriteTexture.uexp" 2
"../../../Engine/Plugins/2D/Paper2D/Content/DummySprite.uasset" 3
"../../../Engine/Plugins/2D/Paper2D/Content/DummySprite.uexp" 4
"../../../Engine/Plugins/2D/Paper2D/Content/DefaultPaperTerrainMaterial.uasset" 5
"../../../Engine/Plugins/2D/Paper2D/Content/DefaultPaperTerrainMaterial.uexp" 6
"../../../Engine/Plugins/Animation/ACLPlugin/Content/ACLAnimCurveCompressionSettings.uasset" 7
"../../../Engine/Plugins/Animation/ACLPlugin/Content/ACLAnimCurveCompressionSettings.uexp" 8
"../../../Engine/Plugins/Animation/ACLPlugin/Content/ACLAnimBoneCompressionSettings.uasset" 9
"../../../Engine/Plugins/Animation/ACLPlugin/Content/ACLAnimBoneCompressionSettings.uexp" 10
"../../../Engine/Content/Animation/DefaultVariableFrameStrippingSettings.uasset" 11
"../../../Engine/Content/Animation/DefaultVariableFrameStrippingSettings.uexp" 12
"../../../Engine/Content/Animation/DefaultRecorderBoneCompression.uasset" 13
"../../../Engine/Content/Animation/DefaultRecorderBoneCompression.uexp" 14
"../../../Engine/Content/EngineMaterials/DefaultDestructiblePhysicalMaterial.uasset" 15
"../../../Engine/Content/EngineMaterials/DefaultDestructiblePhysicalMaterial.uexp" 16
"../../../Engine/Content/EngineFonts/Faces/DroidSansFallback.uexp" 17
"../../../Engine/Content/EngineFonts/Faces/DroidSansFallback.uasset" 18
"../../../Engine/Content/EngineFonts/Faces/DroidSansFallback.ufont" 19
"../../../Engine/Content/EngineFonts/Faces/RobotoRegular.uexp" 20
"../../../Engine/Content/EngineFonts/Faces/RobotoRegular.uasset" 21
"../../../Engine/Content/EngineFonts/Faces/RobotoRegular.ufont" 22
"../../../Engine/Content/EngineFonts/Faces/RobotoLight.uexp" 23
"../../../Engine/Content/EngineFonts/Faces/RobotoLight.uasset" 24
"../../../Engine/Content/EngineFonts/Faces/RobotoLight.ufont" 25
"../../../Engine/Content/EngineFonts/Faces/RobotoItalic.uexp" 26
"../../../Engine/Content/EngineFonts/Faces/RobotoItalic.uasset" 27
"../../../Engine/Content/EngineFonts/Faces/RobotoItalic.ufont" 28
"../../../Engine/Content/EngineFonts/Faces/RobotoBoldItalic.uexp" 29
"../../../Engine/Content/EngineFonts/Faces/RobotoBoldItalic.uasset" 30
"../../../Engine/Content/EngineFonts/Faces/RobotoBoldItalic.ufont" 31
"../../../Engine/Content/EngineFonts/Faces/RobotoBold.uexp" 32
"../../../Engine/Content/EngineFonts/Faces/RobotoBold.uasset" 33
"../../../Engine/Content/EngineFonts/Faces/RobotoBold.ufont" 34
"../../../Engine/Content/EngineFonts/Roboto.uasset" 35
"../../../Engine/Content/EngineFonts/Roboto.uexp" 36
"../../../Engine/Plugins/Animation/ControlRig/Content/Controls/DefaultGizmoLibraryNormalized.uasset" 37
"../../../Engine/Plugins/Animation/ControlRig/Content/Controls/DefaultGizmoLibraryNormalized.uexp" 38
"../../../Engine/Content/EngineSounds/Master.uasset" 39
"../../../Engine/Content/EngineSounds/Master.uexp" 40
"../../../Engine/Plugins/Interchange/Runtime/Content/Pipelines/DefaultTexturePipeline.uasset" 41
"../../../Engine/Plugins/Interchange/Runtime/Content/Pipelines/DefaultTexturePipeline.uexp" 42
"../../../Engine/Plugins/Interchange/Runtime/Content/Pipelines/DefaultSceneLevelPipeline.uasset" 43
"../../../Engine/Plugins/Interchange/Runtime/Content/Pipelines/DefaultSceneLevelPipeline.uexp" 44
"../../../Engine/Plugins/Interchange/Runtime/Content/Pipelines/DefaultSceneAssetsPipeline.uasset" 45
"../../../Engine/Plugins/Interchange/Runtime/Content/Pipelines/DefaultSceneAssetsPipeline.uexp" 46
"../../../Engine/Plugins/Interchange/Runtime/Content/Pipelines/DefaultMaterialXPipeline.uasset" 47
"../../../Engine/Plugins/Interchange/Runtime/Content/Pipelines/DefaultMaterialXPipeline.uexp" 48
"../../../Engine/Plugins/Interchange/Runtime/Content/Pipelines/DefaultMaterialPipeline.uasset" 49
"../../../Engine/Plugins/Interchange/Runtime/Content/Pipelines/DefaultMaterialPipeline.uexp" 50
"../../../Engine/Plugins/Interchange/Runtime/Content/Pipelines/DefaultGLTFSceneAssetsPipeline.uasset" 51
"../../../Engine/Plugins/Interchange/Runtime/Content/Pipelines/DefaultGLTFSceneAssetsPipeline.uexp" 52
"../../../Engine/Plugins/Interchange/Runtime/Content/Pipelines/DefaultGLTFPipeline.uasset" 53
"../../../Engine/Plugins/Interchange/Runtime/Content/Pipelines/DefaultGLTFPipeline.uexp" 54
"../../../Engine/Plugins/Interchange/Runtime/Content/Pipelines/DefaultGLTFAssetsPipeline.uasset" 55
"../../../Engine/Plugins/Interchange/Runtime/Content/Pipelines/DefaultGLTFAssetsPipeline.uexp" 56
"../../../Engine/Plugins/Interchange/Runtime/Content/Pipelines/DefaultAssetsPipeline.uasset" 57
"../../../Engine/Plugins/Interchange/Runtime/Content/Pipelines/DefaultAssetsPipeline.uexp" 58
"../../../Engine/Content/MobileResources/HUD/VirtualJoystick_Thumb.uasset" 59
"../../../Engine/Content/MobileResources/HUD/VirtualJoystick_Thumb.uexp" 60
"../../../Engine/Content/MobileResources/HUD/VirtualJoystick_Background.uasset" 61
"../../../Engine/Content/MobileResources/HUD/VirtualJoystick_Background.uexp" 62
"../../../Engine/Content/MobileResources/HUD/DefaultVirtualJoysticks.uasset" 63
"../../../Engine/Content/MobileResources/HUD/DefaultVirtualJoysticks.uexp" 64
"../../../Engine/Content/EngineResources/GradientTexture0.uasset" 65
"../../../Engine/Content/EngineResources/GradientTexture0.uexp" 66
"../../../Engine/Content/EngineResources/Black.uasset" 67
"../../../Engine/Content/EngineResources/Black.uexp" 68
"../../../Engine/Content/EditorResources/S_Actor.ubulk" 69
"../../../Engine/Content/EditorResources/S_Actor.uasset" 70
"../../../Engine/Content/EditorResources/S_Actor.uexp" 71
"../../../Engine/Plugins/NNE/NNEDenoiser/Content/NNEDTOM_Output_Default.uasset" 72
"../../../Engine/Plugins/NNE/NNEDenoiser/Content/NNEDTOM_Output_Default.uexp" 73
"../../../Engine/Plugins/NNE/NNEDenoiser/Content/NNEDTOM_Output_Alpha.uasset" 74
"../../../Engine/Plugins/NNE/NNEDenoiser/Content/NNEDTOM_Output_Alpha.uexp" 75
"../../../Engine/Plugins/NNE/NNEDenoiser/Content/NNEDTIM_ColorAlbedoNormal_Default.uasset" 76
"../../../Engine/Plugins/NNE/NNEDenoiser/Content/NNEDTIM_ColorAlbedoNormal_Default.uexp" 77
"../../../Engine/Plugins/NNE/NNEDenoiser/Content/NNEDTIM_ColorAlbedoNormal_Alpha.uasset" 78
"../../../Engine/Plugins/NNE/NNEDenoiser/Content/NNEDTIM_ColorAlbedoNormal_Alpha.uexp" 79
"../../../Engine/Plugins/NNE/NNEDenoiser/Content/NNEDOM_Output_Default.uasset" 80
"../../../Engine/Plugins/NNE/NNEDenoiser/Content/NNEDOM_Output_Default.uexp" 81
"../../../Engine/Plugins/NNE/NNEDenoiser/Content/NNEDOM_Output_Alpha.uasset" 82
"../../../Engine/Plugins/NNE/NNEDenoiser/Content/NNEDOM_Output_Alpha.uexp" 83
"../../../Engine/Plugins/NNE/NNEDenoiser/Content/NNEDIM_HighQuality_Default.uasset" 84
"../../../Engine/Plugins/NNE/NNEDenoiser/Content/NNEDIM_HighQuality_Default.uexp" 85
"../../../Engine/Plugins/NNE/NNEDenoiser/Content/NNEDIM_HighQuality_Alpha.uasset" 86
"../../../Engine/Plugins/NNE/NNEDenoiser/Content/NNEDIM_HighQuality_Alpha.uexp" 87
"../../../Engine/Plugins/NNE/NNEDenoiser/Content/NNEDIM_ColorAlbedoNormal_Default.uasset" 88
"../../../Engine/Plugins/NNE/NNEDenoiser/Content/NNEDIM_ColorAlbedoNormal_Default.uexp" 89
"../../../Engine/Plugins/NNE/NNEDenoiser/Content/NNEDIM_ColorAlbedoNormal_Alpha.uasset" 90
"../../../Engine/Plugins/NNE/NNEDenoiser/Content/NNEDIM_ColorAlbedoNormal_Alpha.uexp" 91
"../../../Engine/Content/Functions/Engine_MaterialFunctions02/WorldPositionOffset/CameraOffset.uasset" 92
"../../../Engine/Content/Functions/Engine_MaterialFunctions02/WorldPositionOffset/CameraOffset.uexp" 93
"../../../Engine/Plugins/Animation/ControlRig/Content/M_Manip.uasset" 94
"../../../Engine/Plugins/Animation/ControlRig/Content/M_Manip.uexp" 95
"../../../Engine/Content/EditorLandscapeResources/WhiteSquareTexture.uasset" 96
"../../../Engine/Content/EditorLandscapeResources/WhiteSquareTexture.uexp" 97
"../../../Engine/Content/EditorLandscapeResources/LayerVisMaterial.uasset" 98
"../../../Engine/Content/EditorLandscapeResources/LayerVisMaterial.uexp" 99
"../../../Engine/Content/Functions/Engine_MaterialFunctions02/Utility/BreakOutFloat2Components.uasset" 100
"../../../Engine/Content/Functions/Engine_MaterialFunctions02/Utility/BreakOutFloat2Components.uexp" 101
"../../../Engine/Content/Functions/Engine_MaterialFunctions01/Texturing/ScaleUVsByCenter.uasset" 102
"../../../Engine/Content/Functions/Engine_MaterialFunctions01/Texturing/ScaleUVsByCenter.uexp" 103
"../../../Engine/Content/Functions/Engine_MaterialFunctions02/WorldPositionOffset/LocalPosition.uasset" 104
"../../../Engine/Content/Functions/Engine_MaterialFunctions02/WorldPositionOffset/LocalPosition.uexp" 105
"../../../Engine/Content/EngineMaterials/DefaultDiffuse.ubulk" 106
"../../../Engine/Content/EngineMaterials/DefaultDiffuse.uasset" 107
"../../../Engine/Content/EngineMaterials/DefaultDiffuse.uexp" 108
"../../../Engine/Content/Functions/Engine_MaterialFunctions01/Texturing/TextureCropping.uasset" 109
"../../../Engine/Content/Functions/Engine_MaterialFunctions01/Texturing/TextureCropping.uexp" 110
"../../../Engine/Content/Functions/Engine_MaterialFunctions02/ExampleContent/DebugNumberStrip.uasset" 111
"../../../Engine/Content/Functions/Engine_MaterialFunctions02/ExampleContent/DebugNumberStrip.uexp" 112
"../../../Engine/Content/Functions/Engine_MaterialFunctions01/Debug/DebugIntValues.uasset" 113
"../../../Engine/Content/Functions/Engine_MaterialFunctions01/Debug/DebugIntValues.uexp" 114
"../../../Engine/Content/EditorLandscapeResources/LandscapeLayerUsageMaterial.uasset" 115
"../../../Engine/Content/EditorLandscapeResources/LandscapeLayerUsageMaterial.uexp" 116
"../../../Engine/Content/EditorLandscapeResources/DefaultAlphaTexture.uasset" 117
"../../../Engine/Content/EditorLandscapeResources/DefaultAlphaTexture.uexp" 118
"../../../Engine/Content/EditorLandscapeResources/LandscapeDirtyMaterial.uasset" 119
"../../../Engine/Content/EditorLandscapeResources/LandscapeDirtyMaterial.uexp" 120
"../../../Engine/Content/EngineMaterials/RemoveSurfaceMaterial.uasset" 121
"../../../Engine/Content/EngineMaterials/RemoveSurfaceMaterial.uexp" 122
"../../../Engine/Content/EngineMaterials/PreintegratedSkinBRDF.uasset" 123
"../../../Engine/Content/EngineMaterials/PreintegratedSkinBRDF.uexp" 124
"../../../Engine/Content/EngineMaterials/DefaultCalibrationGrayscale.uasset" 125
"../../../Engine/Content/EngineMaterials/DefaultCalibrationGrayscale.uexp" 126
"../../../Engine/Content/EngineMaterials/PPM_DefaultCalibrationGrayscale.uasset" 127
"../../../Engine/Content/EngineMaterials/PPM_DefaultCalibrationGrayscale.uexp" 128
"../../../Engine/Content/EngineMaterials/DefaultCalibrationColor.uasset" 129
"../../../Engine/Content/EngineMaterials/DefaultCalibrationColor.uexp" 130
"../../../Engine/Content/EngineMaterials/PPM_DefaultCalibrationColor.uasset" 131
"../../../Engine/Content/EngineMaterials/PPM_DefaultCalibrationColor.uexp" 132
"../../../Engine/Content/EngineMaterials/PhAT_JointLimitMaterial.uasset" 133
"../../../Engine/Content/EngineMaterials/PhAT_JointLimitMaterial.uexp" 134
"../../../Engine/Content/EngineMaterials/NaniteHiddenSectionMaterial.uasset" 135
"../../../Engine/Content/EngineMaterials/NaniteHiddenSectionMaterial.uexp" 136
"../../../Engine/Content/EngineMaterials/InvalidLightmapSettings.ubulk" 137
"../../../Engine/Content/EngineMaterials/InvalidLightmapSettings.uasset" 138
"../../../Engine/Content/EngineMaterials/InvalidLightmapSettings.uexp" 139
"../../../Engine/Content/EngineMaterials/M_InvalidLightmapSettings.uasset" 140
"../../../Engine/Content/EngineMaterials/M_InvalidLightmapSettings.uexp" 141
"../../../Engine/Content/EngineMaterials/MiniFont.uasset" 142
"../../../Engine/Content/EngineMaterials/MiniFont.uexp" 143
"../../../Engine/Content/EngineMaterials/GizmoMaterial.uasset" 144
"../../../Engine/Content/EngineMaterials/GizmoMaterial.uexp" 145
"../../../Engine/Content/EngineMaterials/BaseFlattenDiffuseMap_VT.ubulk" 146
"../../../Engine/Content/EngineMaterials/BaseFlattenDiffuseMap_VT.uasset" 147
"../../../Engine/Content/EngineMaterials/BaseFlattenDiffuseMap_VT.uexp" 148
"../../../Engine/Content/EngineMaterials/BaseFlattenEmissiveMap_VT.ubulk" 149
"../../../Engine/Content/EngineMaterials/BaseFlattenEmissiveMap_VT.uasset" 150
"../../../Engine/Content/EngineMaterials/BaseFlattenEmissiveMap_VT.uexp" 151
"../../../Engine/Content/EngineMaterials/BaseFlattenGrayscaleMap_VT.ubulk" 152
"../../../Engine/Content/EngineMaterials/BaseFlattenGrayscaleMap_VT.uasset" 153
"../../../Engine/Content/EngineMaterials/BaseFlattenGrayscaleMap_VT.uexp" 154
"../../../Engine/Content/EngineMaterials/BaseFlattenLinearColor_VT.ubulk" 155
"../../../Engine/Content/EngineMaterials/BaseFlattenLinearColor_VT.uasset" 156
"../../../Engine/Content/EngineMaterials/BaseFlattenLinearColor_VT.uexp" 157
"../../../Engine/Content/EngineMaterials/BaseFlattenNormalMap_VT.ubulk" 158
"../../../Engine/Content/EngineMaterials/BaseFlattenNormalMap_VT.uasset" 159
"../../../Engine/Content/EngineMaterials/BaseFlattenNormalMap_VT.uexp" 160
"../../../Engine/Content/EngineMaterials/Black_1x1_EXR_Texture_VT.ubulk" 161
"../../../Engine/Content/EngineMaterials/Black_1x1_EXR_Texture_VT.uasset" 162
"../../../Engine/Content/EngineMaterials/Black_1x1_EXR_Texture_VT.uexp" 163
"../../../Engine/Content/EngineMaterials/FlattenMaterial_WS_Normal_VT.uasset" 164
"../../../Engine/Content/EngineMaterials/FlattenMaterial_WS_Normal_VT.uexp" 165
"../../../Engine/Content/EngineMaterials/FlattenMaterial_VT.uasset" 166
"../../../Engine/Content/EngineMaterials/FlattenMaterial_VT.uexp" 167
"../../../Engine/Content/EngineMaterials/BaseFlattenLinearColor.uasset" 168
"../../../Engine/Content/EngineMaterials/BaseFlattenLinearColor.uexp" 169
"../../../Engine/Content/EngineMaterials/BaseFlattenNormalMap.uasset" 170
"../../../Engine/Content/EngineMaterials/BaseFlattenNormalMap.uexp" 171
"../../../Engine/Content/Functions/Engine_MaterialFunctions02/PivotPainter2/Black_1x1_EXR_Texture.uasset" 172
"../../../Engine/Content/Functions/Engine_MaterialFunctions02/PivotPainter2/Black_1x1_EXR_Texture.uexp" 173
"../../../Engine/Content/EngineMaterials/BaseFlattenDiffuseMap.uasset" 174
"../../../Engine/Content/EngineMaterials/BaseFlattenDiffuseMap.uexp" 175
"../../../Engine/Content/EngineMaterials/BaseFlattenEmissiveMap.uasset" 176
"../../../Engine/Content/EngineMaterials/BaseFlattenEmissiveMap.uexp" 177
"../../../Engine/Content/EngineMaterials/BaseFlattenGrayscaleMap.uasset" 178
"../../../Engine/Content/EngineMaterials/BaseFlattenGrayscaleMap.uexp" 179
"../../../Engine/Content/EngineMaterials/FlattenMaterial.uasset" 180
"../../../Engine/Content/EngineMaterials/FlattenMaterial.uexp" 181
"../../../Engine/Content/EngineMaterials/FastBlueNoise_vec2_128x128x64.uasset" 182
"../../../Engine/Content/EngineMaterials/FastBlueNoise_vec2_128x128x64.uexp" 183
"../../../Engine/Content/EngineMaterials/FastBlueNoise_scalar_128x128x8.uasset" 184
"../../../Engine/Content/EngineMaterials/FastBlueNoise_scalar_128x128x8.uexp" 185
"../../../Engine/Content/EngineMaterials/FastBlueNoise_scalar_128x128x64.uasset" 186
"../../../Engine/Content/EngineMaterials/FastBlueNoise_scalar_128x128x64.uexp" 187
"../../../Engine/Content/EngineMaterials/DefaultWhiteGrid_Low.uasset" 188
"../../../Engine/Content/EngineMaterials/DefaultWhiteGrid_Low.uexp" 189
"../../../Engine/Content/EngineMaterials/EmissiveMeshMaterial.uasset" 190
"../../../Engine/Content/EngineMaterials/EmissiveMeshMaterial.uexp" 191
"../../../Engine/Content/EngineMaterials/DefaultWhiteGrid.ubulk" 192
"../../../Engine/Content/EngineMaterials/DefaultWhiteGrid.uasset" 193
"../../../Engine/Content/EngineMaterials/DefaultWhiteGrid.uexp" 194
"../../../Engine/Content/EngineFonts/RobotoDistanceField.uasset" 195
"../../../Engine/Content/EngineFonts/RobotoDistanceField.uexp" 196
"../../../Engine/Content/EngineMaterials/DefaultTextMaterialOpaque.uasset" 197
"../../../Engine/Content/EngineMaterials/DefaultTextMaterialOpaque.uexp" 198
"../../../Engine/Content/EngineMaterials/DefaultPostProcessMaterial.uasset" 199
"../../../Engine/Content/EngineMaterials/DefaultPostProcessMaterial.uexp" 200
"../../../Engine/Content/EngineMaterials/DefaultLightFunctionMaterial.uasset" 201
"../../../Engine/Content/EngineMaterials/DefaultLightFunctionMaterial.uexp" 202
"../../../Engine/Content/EngineMaterials/DefaultDeferredDecalMaterial.uasset" 203
"../../../Engine/Content/EngineMaterials/DefaultDeferredDecalMaterial.uexp" 204
"../../../Engine/Content/EngineMaterials/DefaultBokeh.uasset" 205
"../../../Engine/Content/EngineMaterials/DefaultBokeh.uexp" 206
"../../../Engine/Content/EngineMaterials/DefaultBloomKernel.uasset" 207
"../../../Engine/Content/EngineMaterials/DefaultBloomKernel.uexp" 208
"../../../Engine/Content/Functions/Engine_MaterialFunctions02/Utility/CameraDirectionVector.uasset" 209
"../../../Engine/Content/Functions/Engine_MaterialFunctions02/Utility/CameraDirectionVector.uexp" 210
"../../../Engine/Content/EngineDebugMaterials/VolumeToRender.uasset" 211
"../../../Engine/Content/EngineDebugMaterials/VolumeToRender.uexp" 212
"../../../Engine/Content/EngineDebugMaterials/M_VolumeRenderSphereTracePP.uasset" 213
"../../../Engine/Content/EngineDebugMaterials/M_VolumeRenderSphereTracePP.uexp" 214
"../../../Engine/Content/EngineDebugMaterials/M_SimpleUnlitTranslucent.uasset" 215
"../../../Engine/Content/EngineDebugMaterials/M_SimpleUnlitTranslucent.uexp" 216
"../../../Engine/Content/EngineDebugMaterials/DebugMeshMaterial.uasset" 217
"../../../Engine/Content/EngineDebugMaterials/DebugMeshMaterial.uexp" 218
"../../../Engine/Content/EngineDebugMaterials/DebugEditorMaterial.uasset" 219
"../../../Engine/Content/EngineDebugMaterials/DebugEditorMaterial.uexp" 220
"../../../Engine/Content/EngineDamageTypes/DmgTypeBP_Environmental.uasset" 221
"../../../Engine/Content/EngineDamageTypes/DmgTypeBP_Environmental.uexp" 222
"../../../Engine/Content/EditorResources/S_TriggerSphere.uasset" 223
"../../../Engine/Content/EditorResources/S_TriggerSphere.uexp" 224
"../../../Engine/Content/EditorResources/S_TriggerCapsule.uasset" 225
"../../../Engine/Content/EditorResources/S_TriggerCapsule.uexp" 226
"../../../Engine/Content/EditorResources/S_TriggerBox.uasset" 227
"../../../Engine/Content/EditorResources/S_TriggerBox.uexp" 228
"../../../Engine/Content/EditorResources/S_Trigger.ubulk" 229
"../../../Engine/Content/EditorResources/S_Trigger.uasset" 230
"../../../Engine/Content/EditorResources/S_Trigger.uexp" 231
"../../../Engine/Content/EditorResources/S_Terrain.ubulk" 232
"../../../Engine/Content/EditorResources/S_Terrain.uasset" 233
"../../../Engine/Content/EditorResources/S_Terrain.uexp" 234
"../../../Engine/Content/EditorResources/S_Solver.ubulk" 235
"../../../Engine/Content/EditorResources/S_Solver.uasset" 236
"../../../Engine/Content/EditorResources/S_Solver.uexp" 237
"../../../Engine/Content/EditorResources/S_BoxReflectionCapture.uasset" 238
"../../../Engine/Content/EditorResources/S_BoxReflectionCapture.uexp" 239
"../../../Engine/Content/EditorResources/BSPVertex.uasset" 240
"../../../Engine/Content/EditorResources/BSPVertex.uexp" 241
"../../../Engine/Content/EditorMaterials/PreviewShadowIndicator.ubulk" 242
"../../../Engine/Content/EditorMaterials/PreviewShadowIndicator.uasset" 243
"../../../Engine/Content/EditorMaterials/PreviewShadowIndicator.uexp" 244
"../../../Engine/Content/EditorMaterials/PreviewShadowIndicatorMaterial.uasset" 245
"../../../Engine/Content/EditorMaterials/PreviewShadowIndicatorMaterial.uexp" 246
"../../../Engine/Content/EditorMaterials/PhAT_UnselectedMaterial.uasset" 247
"../../../Engine/Content/EditorMaterials/PhAT_UnselectedMaterial.uexp" 248
"../../../Engine/Content/EditorMaterials/PhAT_NoCollisionMaterial.uasset" 249
"../../../Engine/Content/EditorMaterials/PhAT_NoCollisionMaterial.uexp" 250
"../../../Engine/Plugins/Interchange/Assets/Content/Functions/MX_UsdPreviewSurface.uasset" 251
"../../../Engine/Plugins/Interchange/Assets/Content/Functions/MX_UsdPreviewSurface.uexp" 252
"../../../Engine/Plugins/Interchange/Assets/Content/Functions/MX_UniformEDF.uasset" 253
"../../../Engine/Plugins/Interchange/Assets/Content/Functions/MX_UniformEDF.uexp" 254
"../../../Engine/Plugins/Interchange/Assets/Content/Functions/MX_TranslucentBSDF.uasset" 255
"../../../Engine/Plugins/Interchange/Assets/Content/Functions/MX_TranslucentBSDF.uexp" 256
"../../../Engine/Plugins/Interchange/Assets/Content/Functions/MX_ThinFilmBSDF.uasset" 257
"../../../Engine/Plugins/Interchange/Assets/Content/Functions/MX_ThinFilmBSDF.uexp" 258
"../../../Engine/Plugins/Interchange/Assets/Content/Functions/MX_SurfaceUnlit.uasset" 259
"../../../Engine/Plugins/Interchange/Assets/Content/Functions/MX_SurfaceUnlit.uexp" 260
"../../../Engine/Plugins/Interchange/Assets/Content/Functions/MX_Surface.uasset" 261
"../../../Engine/Plugins/Interchange/Assets/Content/Functions/MX_Surface.uexp" 262
"../../../Engine/Plugins/Interchange/Assets/Content/Functions/MX_SubsurfaceBSDF.uasset" 263
"../../../Engine/Plugins/Interchange/Assets/Content/Functions/MX_SubsurfaceBSDF.uexp" 264
"../../../Engine/Plugins/Interchange/Assets/Content/Functions/MX_SheenBSDF.uasset" 265
"../../../Engine/Plugins/Interchange/Assets/Content/Functions/MX_SheenBSDF.uexp" 266
"../../../Engine/Plugins/Interchange/Assets/Content/Functions/MX_OrenNayarBSDF.uasset" 267
"../../../Engine/Plugins/Interchange/Assets/Content/Functions/MX_OrenNayarBSDF.uexp" 268
"../../../Engine/Plugins/Interchange/Assets/Content/Functions/MF_IridescenceNoLUT.uasset" 269
"../../../Engine/Plugins/Interchange/Assets/Content/Functions/MF_IridescenceNoLUT.uexp" 270
"../../../Engine/Plugins/Interchange/Assets/Content/Functions/MX_StandardSurface.uasset" 271
"../../../Engine/Plugins/Interchange/Assets/Content/Functions/MX_StandardSurface.uexp" 272
"../../../Engine/Plugins/Interchange/Assets/Content/Functions/MX_TransmissionSurface.uasset" 273
"../../../Engine/Plugins/Interchange/Assets/Content/Functions/MX_TransmissionSurface.uexp" 274
"../../../Engine/Plugins/Interchange/Assets/Content/Functions/MX_OpenPBR_Translucent.uasset" 275
"../../../Engine/Plugins/Interchange/Assets/Content/Functions/MX_OpenPBR_Translucent.uexp" 276
"../../../Engine/Plugins/Interchange/Assets/Content/Functions/MX_OpenPBR_Opaque.uasset" 277
"../../../Engine/Plugins/Interchange/Assets/Content/Functions/MX_OpenPBR_Opaque.uexp" 278
"../../../Engine/Plugins/Interchange/Assets/Content/Functions/MX_MeasuredEDF.uasset" 279
"../../../Engine/Plugins/Interchange/Assets/Content/Functions/MX_MeasuredEDF.uexp" 280
"../../../Engine/Plugins/Interchange/Assets/Content/Functions/MX_GeneralizedSchlickBSDF.uasset" 281
"../../../Engine/Plugins/Interchange/Assets/Content/Functions/MX_GeneralizedSchlickBSDF.uexp" 282
"../../../Engine/Plugins/Interchange/Assets/Content/Functions/MX_Displacement.uasset" 283
"../../../Engine/Plugins/Interchange/Assets/Content/Functions/MX_Displacement.uexp" 284
"../../../Engine/Plugins/Interchange/Assets/Content/Functions/MX_DielectricBSDF.uasset" 285
"../../../Engine/Plugins/Interchange/Assets/Content/Functions/MX_DielectricBSDF.uexp" 286
"../../../Engine/Plugins/Interchange/Assets/Content/Functions/MX_ConicalEDF.uasset" 287
"../../../Engine/Plugins/Interchange/Assets/Content/Functions/MX_ConicalEDF.uexp" 288
"../../../Engine/Plugins/Interchange/Assets/Content/Functions/MX_ConductorBSDF.uasset" 289
"../../../Engine/Plugins/Interchange/Assets/Content/Functions/MX_ConductorBSDF.uexp" 290
"../../../Engine/Plugins/Interchange/Assets/Content/Functions/MX_BurleyDiffuseBSDF.uasset" 291
"../../../Engine/Plugins/Interchange/Assets/Content/Functions/MX_BurleyDiffuseBSDF.uexp" 292
"../../../Engine/Plugins/Interchange/Assets/Content/Functions/MX_AnisotropicVDF.uasset" 293
"../../../Engine/Plugins/Interchange/Assets/Content/Functions/MX_AnisotropicVDF.uexp" 294
"../../../Engine/Plugins/Interchange/Assets/Content/Functions/MX_AbsorptionVDF.uasset" 295
"../../../Engine/Plugins/Interchange/Assets/Content/Functions/MX_AbsorptionVDF.uexp" 296
"../../../Engine/Content/Functions/Engine_MaterialFunctions02/Utility/BreakOutFloat3Components.uasset" 297
"../../../Engine/Content/Functions/Engine_MaterialFunctions02/Utility/BreakOutFloat3Components.uexp" 298
"../../../Engine/Content/Functions/Engine_MaterialFunctions02/Utility/VectorLength.uasset" 299
"../../../Engine/Content/Functions/Engine_MaterialFunctions02/Utility/VectorLength.uexp" 300
"../../../Engine/Content/Functions/Engine_MaterialFunctions02/WorldPositionOffset/ObjectScale.uasset" 301
"../../../Engine/Content/Functions/Engine_MaterialFunctions02/WorldPositionOffset/ObjectScale.uexp" 302
"../../../Engine/Content/Functions/Engine_MaterialFunctions02/ObjectLocalBounds.uasset" 303
"../../../Engine/Content/Functions/Engine_MaterialFunctions02/ObjectLocalBounds.uexp" 304
"../../../Engine/Content/Functions/Engine_MaterialFunctions02/SafeNormalize.uasset" 305
"../../../Engine/Content/Functions/Engine_MaterialFunctions02/SafeNormalize.uexp" 306
"../../../Engine/Plugins/Editor/SpeedTreeImporter/Content/SpeedTree9/UnpackInteger3.uasset" 307
"../../../Engine/Plugins/Editor/SpeedTreeImporter/Content/SpeedTree9/UnpackInteger3.uexp" 308
"../../../Engine/Plugins/Editor/SpeedTreeImporter/Content/SpeedTree9/UnpackDirection.uasset" 309
"../../../Engine/Plugins/Editor/SpeedTreeImporter/Content/SpeedTree9/UnpackDirection.uexp" 310
"../../../Engine/Plugins/Editor/SpeedTreeImporter/Content/SpeedTree9/game_wind_noise.ubulk" 311
"../../../Engine/Plugins/Editor/SpeedTreeImporter/Content/SpeedTree9/game_wind_noise.uasset" 312
"../../../Engine/Plugins/Editor/SpeedTreeImporter/Content/SpeedTree9/game_wind_noise.uexp" 313
"../../../Engine/Plugins/Editor/SpeedTreeImporter/Content/SpeedTree9/SpeedTreeWindMotion.uasset" 314
"../../../Engine/Plugins/Editor/SpeedTreeImporter/Content/SpeedTree9/SpeedTreeWindMotion.uexp" 315
"../../../Engine/Plugins/Editor/SpeedTreeImporter/Content/SpeedTree9/SpeedTreeBranchMotion.uasset" 316
"../../../Engine/Plugins/Editor/SpeedTreeImporter/Content/SpeedTree9/SpeedTreeBranchMotion.uexp" 317
"../../../Engine/Content/Functions/Engine_MaterialFunctions02/UVs/BoundingBoxBased_0-1_UVW.uasset" 318
"../../../Engine/Content/Functions/Engine_MaterialFunctions02/UVs/BoundingBoxBased_0-1_UVW.uexp" 319
"../../../Engine/Plugins/Editor/SpeedTreeImporter/Content/SpeedTree9/SpeedTreeWind.uasset" 320
"../../../Engine/Plugins/Editor/SpeedTreeImporter/Content/SpeedTree9/SpeedTreeWind.uexp" 321
"../../../Engine/Plugins/Editor/SpeedTreeImporter/Content/SpeedTree9/SpeedTreeCameraFacing.uasset" 322
"../../../Engine/Plugins/Editor/SpeedTreeImporter/Content/SpeedTree9/SpeedTreeCameraFacing.uexp" 323
"../../../Engine/Plugins/Editor/SpeedTreeImporter/Content/SpeedTree9/EmptyNormal.uasset" 324
"../../../Engine/Plugins/Editor/SpeedTreeImporter/Content/SpeedTree9/EmptyNormal.uexp" 325
"../../../Engine/Plugins/Editor/SpeedTreeImporter/Content/SpeedTree9/Empty.uasset" 326
"../../../Engine/Plugins/Editor/SpeedTreeImporter/Content/SpeedTree9/Empty.uexp" 327
"../../../Engine/Plugins/Editor/SpeedTreeImporter/Content/SpeedTree9/SpeedTreeMaster.uasset" 328
"../../../Engine/Plugins/Editor/SpeedTreeImporter/Content/SpeedTree9/SpeedTreeMaster.uexp" 329
"../../../Engine/Plugins/Editor/SpeedTreeImporter/Content/SpeedTree9/SpeedTreeBillboard.uasset" 330
"../../../Engine/Plugins/Editor/SpeedTreeImporter/Content/SpeedTree9/SpeedTreeBillboard.uexp" 331
"../../../Engine/Plugins/Editor/SpeedTreeImporter/Content/SpeedTree9/SpeedTreeBillboardMaster.uasset" 332
"../../../Engine/Plugins/Editor/SpeedTreeImporter/Content/SpeedTree9/SpeedTreeBillboardMaster.uexp" 333
"../../../Engine/Plugins/Animation/ControlRig/Content/Controls/ControlRigXRayMaterial.uasset" 334
"../../../Engine/Plugins/Animation/ControlRig/Content/Controls/ControlRigXRayMaterial.uexp" 335
"../../../Engine/Plugins/Animation/ControlRig/Content/Controls/ControlRigGizmoMaterial.uasset" 336
"../../../Engine/Plugins/Animation/ControlRig/Content/Controls/ControlRigGizmoMaterial.uexp" 337
"../../../Engine/Plugins/VirtualProduction/CameraCalibrationCore/Content/Materials/M_DefaultOddSquare.uasset" 338
"../../../Engine/Plugins/VirtualProduction/CameraCalibrationCore/Content/Materials/M_DefaultOddSquare.uexp" 339
"../../../Engine/Plugins/VirtualProduction/CameraCalibrationCore/Content/Materials/M_DefaultEvenSquare.uasset" 340
"../../../Engine/Plugins/VirtualProduction/CameraCalibrationCore/Content/Materials/M_DefaultEvenSquare.uexp" 341
"../../../Engine/Plugins/Runtime/HairStrands/Content/Materials/HairMeshesDefaultMaterial.uasset" 342
"../../../Engine/Plugins/Runtime/HairStrands/Content/Materials/HairMeshesDefaultMaterial.uexp" 343
"../../../Engine/Plugins/Runtime/HairStrands/Content/Materials/HairDefaultMaterial.uasset" 344
"../../../Engine/Plugins/Runtime/HairStrands/Content/Materials/HairDefaultMaterial.uexp" 345
"../../../Engine/Content/Functions/Engine_MaterialFunctions02/Utility/MakeFloat2.uasset" 346
"../../../Engine/Content/Functions/Engine_MaterialFunctions02/Utility/MakeFloat2.uexp" 347
"../../../Engine/Content/Functions/Engine_MaterialFunctions02/Utility/MakeFloat3.uasset" 348
"../../../Engine/Content/Functions/Engine_MaterialFunctions02/Utility/MakeFloat3.uexp" 349
"../../../Engine/Plugins/Runtime/HairStrands/Content/Materials/HairGroupColors.uasset" 350
"../../../Engine/Plugins/Runtime/HairStrands/Content/Materials/HairGroupColors.uexp" 351
"../../../Engine/Content/EngineMaterials/HairColorMap.uasset" 352
"../../../Engine/Content/EngineMaterials/HairColorMap.uexp" 353
"../../../Engine/Content/EngineMaterials/HairDebugColor.uasset" 354
"../../../Engine/Content/EngineMaterials/HairDebugColor.uexp" 355
"../../../Engine/Plugins/Runtime/HairStrands/Content/Materials/HairDebugMaterial.uasset" 356
"../../../Engine/Plugins/Runtime/HairStrands/Content/Materials/HairDebugMaterial.uexp" 357
"../../../Engine/Plugins/Runtime/HairStrands/Content/Materials/HairCardsDefaultMaterial.uasset" 358
"../../../Engine/Plugins/Runtime/HairStrands/Content/Materials/HairCardsDefaultMaterial.uexp" 359
"../../../Engine/Plugins/Runtime/AudioWidgets/Content/Resources/ScrubHandleDown_Clamped.uasset" 360
"../../../Engine/Plugins/Runtime/AudioWidgets/Content/Resources/ScrubHandleDown_Clamped.uexp" 361
"../../../Engine/Content/EditorMaterials/ParticleSystems/PSysThumbnail_OOD.ubulk" 362
"../../../Engine/Content/EditorMaterials/ParticleSystems/PSysThumbnail_OOD.uasset" 363
"../../../Engine/Content/EditorMaterials/ParticleSystems/PSysThumbnail_OOD.uexp" 364
"../../../Engine/Content/EditorMaterials/ParticleSystems/PSysThumbnail_NoImage.ubulk" 365
"../../../Engine/Content/EditorMaterials/ParticleSystems/PSysThumbnail_NoImage.uasset" 366
"../../../Engine/Content/EditorMaterials/ParticleSystems/PSysThumbnail_NoImage.uexp" 367
"../../../Engine/Content/EditorMaterials/Dataflow/DataflowVertexMaterial.uasset" 368
"../../../Engine/Content/EditorMaterials/Dataflow/DataflowVertexMaterial.uexp" 369
"../../../Engine/Content/EditorMaterials/Dataflow/DataflowTwoSidedVertexMaterial.uasset" 370
"../../../Engine/Content/EditorMaterials/Dataflow/DataflowTwoSidedVertexMaterial.uexp" 371
"../../../Engine/Content/EngineResources/FilmGrains/Marcie_Grain_v3_128_M2_000.uasset" 372
"../../../Engine/Content/EngineResources/FilmGrains/Marcie_Grain_v3_128_M2_000.uexp" 373
"../../../Engine/Content/EngineResources/Development/ZenLogo_64.uasset" 374
"../../../Engine/Content/EngineResources/Development/ZenLogo_64.uexp" 375
"../../../Engine/Content/EngineMaterials/LTC/Sheen_LTC.uasset" 376
"../../../Engine/Content/EngineMaterials/LTC/Sheen_LTC.uexp" 377
"../../../Engine/Content/EngineMaterials/LTC/GGX_LTCMat.uasset" 378
"../../../Engine/Content/EngineMaterials/LTC/GGX_LTCMat.uexp" 379
"../../../Engine/Content/EngineMaterials/LTC/GGX_LTCAmp.uasset" 380
"../../../Engine/Content/EngineMaterials/LTC/GGX_LTCAmp.uexp" 381
"../../../Engine/Content/EngineMaterials/EnergyConservation/Sheen_Energy.uasset" 382
"../../../Engine/Content/EngineMaterials/EnergyConservation/Sheen_Energy.uexp" 383
"../../../Engine/Content/EngineMaterials/EnergyConservation/SheenLegacy_Energy.uasset" 384
"../../../Engine/Content/EngineMaterials/EnergyConservation/SheenLegacy_Energy.uexp" 385
"../../../Engine/Content/EngineMaterials/EnergyConservation/GGX_TransmissionEnergyArray.uasset" 386
"../../../Engine/Content/EngineMaterials/EnergyConservation/GGX_TransmissionEnergyArray.uexp" 387
"../../../Engine/Content/EngineMaterials/EnergyConservation/GGX_ReflectionEnergy.uasset" 388
"../../../Engine/Content/EngineMaterials/EnergyConservation/GGX_ReflectionEnergy.uexp" 389
"../../../Engine/Content/EngineMaterials/EnergyConservation/Diffuse_Energy.uasset" 390
"../../../Engine/Content/EngineMaterials/EnergyConservation/Diffuse_Energy.uexp" 391
"../../../Engine/Content/EditorResources/SequenceRecorder/RecordingIndicator.uasset" 392
"../../../Engine/Content/EditorResources/SequenceRecorder/RecordingIndicator.uexp" 393
"../../../Engine/Content/EditorResources/SequenceRecorder/Countdown.uasset" 394
"../../../Engine/Content/EditorResources/SequenceRecorder/Countdown.uexp" 395
"../../../Engine/Content/Functions/Engine_MaterialFunctions01/Shading/PowerToRoughness.uasset" 396
"../../../Engine/Content/Functions/Engine_MaterialFunctions01/Shading/PowerToRoughness.uexp" 397
"../../../Engine/Content/Functions/Engine_MaterialFunctions01/Shading/ConvertFromDiffSpec.uasset" 398
"../../../Engine/Content/Functions/Engine_MaterialFunctions01/Shading/ConvertFromDiffSpec.uexp" 399
"../../../Engine/Content/EngineResources/DefaultTextureCube.uasset" 400
"../../../Engine/Content/EngineResources/DefaultTextureCube.uexp" 401
"../../../Engine/Plugins/2D/Paper2D/Content/DefaultSpriteMaterial.uasset" 402
"../../../Engine/Plugins/2D/Paper2D/Content/DefaultSpriteMaterial.uexp" 403
"../../../Engine/Plugins/2D/Paper2D/Content/OpaqueUnlitSpriteMaterial.uasset" 404
"../../../Engine/Plugins/2D/Paper2D/Content/OpaqueUnlitSpriteMaterial.uexp" 405
"../../../Engine/Plugins/2D/Paper2D/Content/MaskedUnlitSpriteMaterial.uasset" 406
"../../../Engine/Plugins/2D/Paper2D/Content/MaskedUnlitSpriteMaterial.uexp" 407
"../../../Engine/Plugins/NNE/NNEDenoiser/Content/NNE_oidn2-3-0_rt_hdr_calb_cnrm_large__dyn__fp16_opset11_ForwardAlpha.uasset" 408
"../../../Engine/Plugins/NNE/NNEDenoiser/Content/NNE_oidn2-3-0_rt_hdr_calb_cnrm_large__dyn__fp16_opset11_ForwardAlpha.uexp" 409
"../../../Engine/Plugins/NNE/NNEDenoiser/Content/NNE_oidn2-3-0_rt_hdr_calb_cnrm_large__dyn__fp16_opset11_DenoiseAlpha.uasset" 410
"../../../Engine/Plugins/NNE/NNEDenoiser/Content/NNE_oidn2-3-0_rt_hdr_calb_cnrm_large__dyn__fp16_opset11_DenoiseAlpha.uexp" 411
"../../../Engine/Plugins/NNE/NNEDenoiser/Content/NNE_oidn2-3-0_rt_hdr_alb_nrm__dyn__fp16_opset11_ForwardAlpha.uasset" 412
"../../../Engine/Plugins/NNE/NNEDenoiser/Content/NNE_oidn2-3-0_rt_hdr_alb_nrm__dyn__fp16_opset11_ForwardAlpha.uexp" 413
"../../../Engine/Plugins/NNE/NNEDenoiser/Content/NNE_oidn2-3-0_rt_hdr_alb_nrm__dyn__fp16_opset11_DenoiseAlpha.uasset" 414
"../../../Engine/Plugins/NNE/NNEDenoiser/Content/NNE_oidn2-3-0_rt_hdr_alb_nrm__dyn__fp16_opset11_DenoiseAlpha.uexp" 415
"../../../Engine/Plugins/NNE/NNEDenoiser/Content/NNE_oidn2-3-0_rt_hdr_alb_nrm_small__dyn__fp16_opset11_ForwardAlpha.uasset" 416
"../../../Engine/Plugins/NNE/NNEDenoiser/Content/NNE_oidn2-3-0_rt_hdr_alb_nrm_small__dyn__fp16_opset11_ForwardAlpha.uexp" 417
"../../../Engine/Plugins/NNE/NNEDenoiser/Content/NNE_oidn2-3-0_rt_hdr_alb_nrm_small__dyn__fp16_opset11_DenoiseAlpha.uasset" 418
"../../../Engine/Plugins/NNE/NNEDenoiser/Content/NNE_oidn2-3-0_rt_hdr_alb_nrm_small__dyn__fp16_opset11_DenoiseAlpha.uexp" 419
"../../../Engine/Content/EngineMaterials/T_Default_Material_Grid_M.ubulk" 420
"../../../Engine/Content/EngineMaterials/T_Default_Material_Grid_M.uasset" 421
"../../../Engine/Content/EngineMaterials/T_Default_Material_Grid_M.uexp" 422
"../../../Engine/Content/Functions/Engine_MaterialFunctions01/Opacity/CameraDepthFade.uasset" 423
"../../../Engine/Content/Functions/Engine_MaterialFunctions01/Opacity/CameraDepthFade.uexp" 424
"../../../Engine/Content/EngineMaterials/T_Default_Material_Grid_N.ubulk" 425
"../../../Engine/Content/EngineMaterials/T_Default_Material_Grid_N.uasset" 426
"../../../Engine/Content/EngineMaterials/T_Default_Material_Grid_N.uexp" 427
"../../../Engine/Content/EngineMaterials/WorldGridMaterial.uasset" 428
"../../../Engine/Content/EngineMaterials/WorldGridMaterial.uexp" 429
"../../../Engine/Plugins/Media/MediaPlate/Content/SM_MediaPlateScreen.ubulk" 430
"../../../Engine/Plugins/Media/MediaPlate/Content/SM_MediaPlateScreen.uasset" 431
"../../../Engine/Plugins/Media/MediaPlate/Content/SM_MediaPlateScreen.uexp" 432
"../../../Engine/Content/EditorLandscapeResources/SplineEditorMeshMat.uasset" 433
"../../../Engine/Content/EditorLandscapeResources/SplineEditorMeshMat.uexp" 434
"../../../Engine/Content/EditorLandscapeResources/SplineEditorMesh.ubulk" 435
"../../../Engine/Content/EditorLandscapeResources/SplineEditorMesh.uasset" 436
"../../../Engine/Content/EditorLandscapeResources/SplineEditorMesh.uexp" 437
"../../../Engine/Content/Functions/Engine_MaterialFunctions03/Math/WithinRangeFloat2.uasset" 438
"../../../Engine/Content/Functions/Engine_MaterialFunctions03/Math/WithinRangeFloat2.uexp" 439
"../../../Engine/Content/EditorLandscapeResources/SelectBrushMaterial.uasset" 440
"../../../Engine/Content/EditorLandscapeResources/SelectBrushMaterial.uexp" 441
"../../../Engine/Content/EditorLandscapeResources/SelectBrushMaterial_SelectedRegion.uasset" 442
"../../../Engine/Content/EditorLandscapeResources/SelectBrushMaterial_SelectedRegion.uexp" 443
"../../../Engine/Content/EditorLandscapeResources/SelectBrushMaterial_Selected.uasset" 444
"../../../Engine/Content/EditorLandscapeResources/SelectBrushMaterial_Selected.uexp" 445
"../../../Engine/Content/EditorLandscapeResources/MaskBrushMaterial.uasset" 446
"../../../Engine/Content/EditorLandscapeResources/MaskBrushMaterial.uexp" 447
"../../../Engine/Content/EditorLandscapeResources/MaskBrushMaterial_MaskedRegion.uasset" 448
"../../../Engine/Content/EditorLandscapeResources/MaskBrushMaterial_MaskedRegion.uexp" 449
"../../../Engine/Content/EditorLandscapeResources/ColorMaskBrushMaterial.uasset" 450
"../../../Engine/Content/EditorLandscapeResources/ColorMaskBrushMaterial.uexp" 451
"../../../Engine/Content/EditorLandscapeResources/ColorMaskBrushMaterial_MaskedRegion.uasset" 452
"../../../Engine/Content/EditorLandscapeResources/ColorMaskBrushMaterial_MaskedRegion.uexp" 453
"../../../Engine/Content/BasicShapes/Plane.ubulk" 454
"../../../Engine/Content/BasicShapes/Plane.uasset" 455
"../../../Engine/Content/BasicShapes/Plane.uexp" 456
"../../../Engine/Content/EngineMaterials/DefaultMaterial.uasset" 457
"../../../Engine/Content/EngineMaterials/DefaultMaterial.uexp" 458
"../../../Engine/Content/BasicShapes/Cylinder.ubulk" 459
"../../../Engine/Content/BasicShapes/Cylinder.uasset" 460
"../../../Engine/Content/BasicShapes/Cylinder.uexp" 461
"../../../Engine/Content/BasicShapes/Cone.ubulk" 462
"../../../Engine/Content/BasicShapes/Cone.uasset" 463
"../../../Engine/Content/BasicShapes/Cone.uexp" 464
"../../../Engine/Content/EngineResources/WhiteSquareTexture.uasset" 465
"../../../Engine/Content/EngineResources/WhiteSquareTexture.uexp" 466
"../../../Engine/Content/EngineMaterials/Widget3DPassThrough.uasset" 467
"../../../Engine/Content/EngineMaterials/Widget3DPassThrough.uexp" 468
"../../../Engine/Content/EngineMaterials/Widget3DPassThrough_Translucent.uasset" 469
"../../../Engine/Content/EngineMaterials/Widget3DPassThrough_Translucent.uexp" 470
"../../../Engine/Content/EngineMaterials/Widget3DPassThrough_Translucent_OneSided.uasset" 471
"../../../Engine/Content/EngineMaterials/Widget3DPassThrough_Translucent_OneSided.uexp" 472
"../../../Engine/Content/EngineMaterials/Widget3DPassThrough_Opaque.uasset" 473
"../../../Engine/Content/EngineMaterials/Widget3DPassThrough_Opaque.uexp" 474
"../../../Engine/Content/EngineMaterials/Widget3DPassThrough_Opaque_OneSided.uasset" 475
"../../../Engine/Content/EngineMaterials/Widget3DPassThrough_Opaque_OneSided.uexp" 476
"../../../Engine/Content/EngineMaterials/Widget3DPassThrough_Masked_OneSided.uasset" 477
"../../../Engine/Content/EngineMaterials/Widget3DPassThrough_Masked_OneSided.uexp" 478
"../../../Engine/Content/EngineMaterials/Widget3DPassThrough_Masked.uasset" 479
"../../../Engine/Content/EngineMaterials/Widget3DPassThrough_Masked.uexp" 480
"../../../Engine/Content/EngineMaterials/WeightMapPlaceholderTexture.uasset" 481
"../../../Engine/Content/EngineMaterials/WeightMapPlaceholderTexture.uexp" 482
"../../../Engine/Content/EngineMaterials/WeightMapArrayPlaceholderTexture.uasset" 483
"../../../Engine/Content/EngineMaterials/WeightMapArrayPlaceholderTexture.uexp" 484
"../../../Engine/Plugins/Animation/ControlRig/Content/Controls/ControlRig_Wedge_solid.ubulk" 485
"../../../Engine/Plugins/Animation/ControlRig/Content/Controls/ControlRig_Wedge_solid.uasset" 486
"../../../Engine/Plugins/Animation/ControlRig/Content/Controls/ControlRig_Wedge_solid.uexp" 487
"../../../Engine/Plugins/Animation/ControlRig/Content/Controls/ControlRig_Wedge_3mm.ubulk" 488
"../../../Engine/Plugins/Animation/ControlRig/Content/Controls/ControlRig_Wedge_3mm.uasset" 489
"../../../Engine/Plugins/Animation/ControlRig/Content/Controls/ControlRig_Wedge_3mm.uexp" 490
"../../../Engine/Plugins/Animation/ControlRig/Content/Controls/ControlRig_Wedge_1mm.ubulk" 491
"../../../Engine/Plugins/Animation/ControlRig/Content/Controls/ControlRig_Wedge_1mm.uasset" 492
"../../../Engine/Plugins/Animation/ControlRig/Content/Controls/ControlRig_Wedge_1mm.uexp" 493
"../../../Engine/Plugins/Animation/ControlRig/Content/Controls/ControlRig_Triangle_solid.ubulk" 494
"../../../Engine/Plugins/Animation/ControlRig/Content/Controls/ControlRig_Triangle_solid.uasset" 495
"../../../Engine/Plugins/Animation/ControlRig/Content/Controls/ControlRig_Triangle_solid.uexp" 496
"../../../Engine/Plugins/Animation/ControlRig/Content/Controls/ControlRig_Triangle_3mm.ubulk" 497
"../../../Engine/Plugins/Animation/ControlRig/Content/Controls/ControlRig_Triangle_3mm.uasset" 498
"../../../Engine/Plugins/Animation/ControlRig/Content/Controls/ControlRig_Triangle_3mm.uexp" 499
"../../../Engine/Plugins/Animation/ControlRig/Content/Controls/ControlRig_Triangle_1mm.ubulk" 500
"../../../Engine/Plugins/Animation/ControlRig/Content/Controls/ControlRig_Triangle_1mm.uasset" 501
"../../../Engine/Plugins/Animation/ControlRig/Content/Controls/ControlRig_Triangle_1mm.uexp" 502
"../../../Engine/Plugins/Animation/ControlRig/Content/Controls/ControlRig_Star4_solid.ubulk" 503
"../../../Engine/Plugins/Animation/ControlRig/Content/Controls/ControlRig_Star4_solid.uasset" 504
"../../../Engine/Plugins/Animation/ControlRig/Content/Controls/ControlRig_Star4_solid.uexp" 505
"../../../Engine/Plugins/Animation/ControlRig/Content/Controls/ControlRig_Star4_3mm.ubulk" 506
"../../../Engine/Plugins/Animation/ControlRig/Content/Controls/ControlRig_Star4_3mm.uasset" 507
"../../../Engine/Plugins/Animation/ControlRig/Content/Controls/ControlRig_Star4_3mm.uexp" 508
"../../../Engine/Plugins/Animation/ControlRig/Content/Controls/ControlRig_Star4_1mm.ubulk" 509
"../../../Engine/Plugins/Animation/ControlRig/Content/Controls/ControlRig_Star4_1mm.uasset" 510
"../../../Engine/Plugins/Animation/ControlRig/Content/Controls/ControlRig_Star4_1mm.uexp" 511
"../../../Engine/Plugins/Animation/ControlRig/Content/Controls/ControlRig_Square_solid.ubulk" 512
"../../../Engine/Plugins/Animation/ControlRig/Content/Controls/ControlRig_Square_solid.uasset" 513
"../../../Engine/Plugins/Animation/ControlRig/Content/Controls/ControlRig_Square_solid.uexp" 514
"../../../Engine/Plugins/Animation/ControlRig/Content/Controls/ControlRig_Square_3mm.ubulk" 515
"../../../Engine/Plugins/Animation/ControlRig/Content/Controls/ControlRig_Square_3mm.uasset" 516
"../../../Engine/Plugins/Animation/ControlRig/Content/Controls/ControlRig_Square_3mm.uexp" 517
"../../../Engine/Plugins/Animation/ControlRig/Content/Controls/ControlRig_Square_1mm.ubulk" 518
"../../../Engine/Plugins/Animation/ControlRig/Content/Controls/ControlRig_Square_1mm.uasset" 519
"../../../Engine/Plugins/Animation/ControlRig/Content/Controls/ControlRig_Square_1mm.uexp" 520
"../../../Engine/Plugins/Animation/ControlRig/Content/Controls/ControlRig_Sphere_solid.ubulk" 521
"../../../Engine/Plugins/Animation/ControlRig/Content/Controls/ControlRig_Sphere_solid.uasset" 522
"../../../Engine/Plugins/Animation/ControlRig/Content/Controls/ControlRig_Sphere_solid.uexp" 523
"../../../Engine/Plugins/Animation/ControlRig/Content/Controls/ControlRig_Sphere_3mm.ubulk" 524
"../../../Engine/Plugins/Animation/ControlRig/Content/Controls/ControlRig_Sphere_3mm.uasset" 525
"../../../Engine/Plugins/Animation/ControlRig/Content/Controls/ControlRig_Sphere_3mm.uexp" 526
"../../../Engine/Plugins/Animation/ControlRig/Content/Controls/ControlRig_Sphere_1mm.ubulk" 527
"../../../Engine/Plugins/Animation/ControlRig/Content/Controls/ControlRig_Sphere_1mm.uasset" 528
"../../../Engine/Plugins/Animation/ControlRig/Content/Controls/ControlRig_Sphere_1mm.uexp" 529
"../../../Engine/Plugins/Animation/ControlRig/Content/Controls/ControlRig_RoundedTriangle_solid.ubulk" 530
"../../../Engine/Plugins/Animation/ControlRig/Content/Controls/ControlRig_RoundedTriangle_solid.uasset" 531
"../../../Engine/Plugins/Animation/ControlRig/Content/Controls/ControlRig_RoundedTriangle_solid.uexp" 532
"../../../Engine/Plugins/Animation/ControlRig/Content/Controls/ControlRig_RoundedTriangle_3mm.ubulk" 533
"../../../Engine/Plugins/Animation/ControlRig/Content/Controls/ControlRig_RoundedTriangle_3mm.uasset" 534
"../../../Engine/Plugins/Animation/ControlRig/Content/Controls/ControlRig_RoundedTriangle_3mm.uexp" 535
"../../../Engine/Plugins/Animation/ControlRig/Content/Controls/ControlRig_RoundedTriangle_1mm.ubulk" 536
"../../../Engine/Plugins/Animation/ControlRig/Content/Controls/ControlRig_RoundedTriangle_1mm.uasset" 537
"../../../Engine/Plugins/Animation/ControlRig/Content/Controls/ControlRig_RoundedTriangle_1mm.uexp" 538
"../../../Engine/Plugins/Animation/ControlRig/Content/Controls/ControlRig_RoundedSquare_solid.ubulk" 539
"../../../Engine/Plugins/Animation/ControlRig/Content/Controls/ControlRig_RoundedSquare_solid.uasset" 540
"../../../Engine/Plugins/Animation/ControlRig/Content/Controls/ControlRig_RoundedSquare_solid.uexp" 541
"../../../Engine/Plugins/Animation/ControlRig/Content/Controls/ControlRig_RoundedSquare_3mm.ubulk" 542
"../../../Engine/Plugins/Animation/ControlRig/Content/Controls/ControlRig_RoundedSquare_3mm.uasset" 543
"../../../Engine/Plugins/Animation/ControlRig/Content/Controls/ControlRig_RoundedSquare_3mm.uexp" 544
"../../../Engine/Plugins/Animation/ControlRig/Content/Controls/ControlRig_RoundedSquare_1mm.ubulk" 545
"../../../Engine/Plugins/Animation/ControlRig/Content/Controls/ControlRig_RoundedSquare_1mm.uasset" 546
"../../../Engine/Plugins/Animation/ControlRig/Content/Controls/ControlRig_RoundedSquare_1mm.uexp" 547
"../../../Engine/Plugins/Animation/ControlRig/Content/Controls/ControlRig_QuarterCircle_solid.ubulk" 548
"../../../Engine/Plugins/Animation/ControlRig/Content/Controls/ControlRig_QuarterCircle_solid.uasset" 549
"../../../Engine/Plugins/Animation/ControlRig/Content/Controls/ControlRig_QuarterCircle_solid.uexp" 550
"../../../Engine/Plugins/Animation/ControlRig/Content/Controls/ControlRig_QuarterCircle_3mm.ubulk" 551
"../../../Engine/Plugins/Animation/ControlRig/Content/Controls/ControlRig_QuarterCircle_3mm.uasset" 552
"../../../Engine/Plugins/Animation/ControlRig/Content/Controls/ControlRig_QuarterCircle_3mm.uexp" 553
"../../../Engine/Plugins/Animation/ControlRig/Content/Controls/ControlRig_QuarterCircle_1mm.ubulk" 554
"../../../Engine/Plugins/Animation/ControlRig/Content/Controls/ControlRig_QuarterCircle_1mm.uasset" 555
"../../../Engine/Plugins/Animation/ControlRig/Content/Controls/ControlRig_QuarterCircle_1mm.uexp" 556
"../../../Engine/Plugins/Animation/ControlRig/Content/Controls/ControlRig_Pyramid_solid.ubulk" 557
"../../../Engine/Plugins/Animation/ControlRig/Content/Controls/ControlRig_Pyramid_solid.uasset" 558
"../../../Engine/Plugins/Animation/ControlRig/Content/Controls/ControlRig_Pyramid_solid.uexp" 559
"../../../Engine/Plugins/Animation/ControlRig/Content/Controls/ControlRig_Pyramid_3mm.ubulk" 560
"../../../Engine/Plugins/Animation/ControlRig/Content/Controls/ControlRig_Pyramid_3mm.uasset" 561
"../../../Engine/Plugins/Animation/ControlRig/Content/Controls/ControlRig_Pyramid_3mm.uexp" 562
"../../../Engine/Plugins/Animation/ControlRig/Content/Controls/ControlRig_Pyramid_1mm.ubulk" 563
"../../../Engine/Plugins/Animation/ControlRig/Content/Controls/ControlRig_Pyramid_1mm.uasset" 564
"../../../Engine/Plugins/Animation/ControlRig/Content/Controls/ControlRig_Pyramid_1mm.uexp" 565
"../../../Engine/Plugins/Animation/ControlRig/Content/Controls/ControlRig_Octagon_solid.ubulk" 566
"../../../Engine/Plugins/Animation/ControlRig/Content/Controls/ControlRig_Octagon_solid.uasset" 567
"../../../Engine/Plugins/Animation/ControlRig/Content/Controls/ControlRig_Octagon_solid.uexp" 568
"../../../Engine/Plugins/Animation/ControlRig/Content/Controls/ControlRig_Octagon_3mm.ubulk" 569
"../../../Engine/Plugins/Animation/ControlRig/Content/Controls/ControlRig_Octagon_3mm.uasset" 570
"../../../Engine/Plugins/Animation/ControlRig/Content/Controls/ControlRig_Octagon_3mm.uexp" 571
"../../../Engine/Plugins/Animation/ControlRig/Content/Controls/ControlRig_Octagon_1mm.ubulk" 572
"../../../Engine/Plugins/Animation/ControlRig/Content/Controls/ControlRig_Octagon_1mm.uasset" 573
"../../../Engine/Plugins/Animation/ControlRig/Content/Controls/ControlRig_Octagon_1mm.uexp" 574
"../../../Engine/Plugins/Animation/ControlRig/Content/Controls/ControlRig_Hexagon_solid.ubulk" 575
"../../../Engine/Plugins/Animation/ControlRig/Content/Controls/ControlRig_Hexagon_solid.uasset" 576
"../../../Engine/Plugins/Animation/ControlRig/Content/Controls/ControlRig_Hexagon_solid.uexp" 577
"../../../Engine/Plugins/Animation/ControlRig/Content/Controls/ControlRig_Hexagon_3mm.ubulk" 578
"../../../Engine/Plugins/Animation/ControlRig/Content/Controls/ControlRig_Hexagon_3mm.uasset" 579
"../../../Engine/Plugins/Animation/ControlRig/Content/Controls/ControlRig_Hexagon_3mm.uexp" 580
"../../../Engine/Plugins/Animation/ControlRig/Content/Controls/ControlRig_Hexagon_1mm.ubulk" 581
"../../../Engine/Plugins/Animation/ControlRig/Content/Controls/ControlRig_Hexagon_1mm.uasset" 582
"../../../Engine/Plugins/Animation/ControlRig/Content/Controls/ControlRig_Hexagon_1mm.uexp" 583
"../../../Engine/Plugins/Animation/ControlRig/Content/Controls/ControlRig_HalfCircle_solid.ubulk" 584
"../../../Engine/Plugins/Animation/ControlRig/Content/Controls/ControlRig_HalfCircle_solid.uasset" 585
"../../../Engine/Plugins/Animation/ControlRig/Content/Controls/ControlRig_HalfCircle_solid.uexp" 586
"../../../Engine/Plugins/Animation/ControlRig/Content/Controls/ControlRig_HalfCircle_3mm.ubulk" 587
"../../../Engine/Plugins/Animation/ControlRig/Content/Controls/ControlRig_HalfCircle_3mm.uasset" 588
"../../../Engine/Plugins/Animation/ControlRig/Content/Controls/ControlRig_HalfCircle_3mm.uexp" 589
"../../../Engine/Plugins/Animation/ControlRig/Content/Controls/ControlRig_HalfCircle_1mm.ubulk" 590
"../../../Engine/Plugins/Animation/ControlRig/Content/Controls/ControlRig_HalfCircle_1mm.uasset" 591
"../../../Engine/Plugins/Animation/ControlRig/Content/Controls/ControlRig_HalfCircle_1mm.uexp" 592
"../../../Engine/Plugins/Animation/ControlRig/Content/Controls/ControlRig_Diamond_solid.ubulk" 593
"../../../Engine/Plugins/Animation/ControlRig/Content/Controls/ControlRig_Diamond_solid.uasset" 594
"../../../Engine/Plugins/Animation/ControlRig/Content/Controls/ControlRig_Diamond_solid.uexp" 595
"../../../Engine/Plugins/Animation/ControlRig/Content/Controls/ControlRig_Diamond_3mm.ubulk" 596
"../../../Engine/Plugins/Animation/ControlRig/Content/Controls/ControlRig_Diamond_3mm.uasset" 597
"../../../Engine/Plugins/Animation/ControlRig/Content/Controls/ControlRig_Diamond_3mm.uexp" 598
"../../../Engine/Plugins/Animation/ControlRig/Content/Controls/ControlRig_Diamond_1mm.ubulk" 599
"../../../Engine/Plugins/Animation/ControlRig/Content/Controls/ControlRig_Diamond_1mm.uasset" 600
"../../../Engine/Plugins/Animation/ControlRig/Content/Controls/ControlRig_Diamond_1mm.uexp" 601
"../../../Engine/Plugins/Animation/ControlRig/Content/Controls/ControlRig_Circle_solid.ubulk" 602
"../../../Engine/Plugins/Animation/ControlRig/Content/Controls/ControlRig_Circle_solid.uasset" 603
"../../../Engine/Plugins/Animation/ControlRig/Content/Controls/ControlRig_Circle_solid.uexp" 604
"../../../Engine/Plugins/Animation/ControlRig/Content/Controls/ControlRig_Circle_3mm.ubulk" 605
"../../../Engine/Plugins/Animation/ControlRig/Content/Controls/ControlRig_Circle_3mm.uasset" 606
"../../../Engine/Plugins/Animation/ControlRig/Content/Controls/ControlRig_Circle_3mm.uexp" 607
"../../../Engine/Plugins/Animation/ControlRig/Content/Controls/ControlRig_Circle_1mm.ubulk" 608
"../../../Engine/Plugins/Animation/ControlRig/Content/Controls/ControlRig_Circle_1mm.uasset" 609
"../../../Engine/Plugins/Animation/ControlRig/Content/Controls/ControlRig_Circle_1mm.uexp" 610
"../../../Engine/Plugins/Animation/ControlRig/Content/Controls/ControlRig_Box_solid.ubulk" 611
"../../../Engine/Plugins/Animation/ControlRig/Content/Controls/ControlRig_Box_solid.uasset" 612
"../../../Engine/Plugins/Animation/ControlRig/Content/Controls/ControlRig_Box_solid.uexp" 613
"../../../Engine/Plugins/Animation/ControlRig/Content/Controls/ControlRig_Box_3mm.ubulk" 614
"../../../Engine/Plugins/Animation/ControlRig/Content/Controls/ControlRig_Box_3mm.uasset" 615
"../../../Engine/Plugins/Animation/ControlRig/Content/Controls/ControlRig_Box_3mm.uexp" 616
"../../../Engine/Plugins/Animation/ControlRig/Content/Controls/ControlRig_Box_1mm.ubulk" 617
"../../../Engine/Plugins/Animation/ControlRig/Content/Controls/ControlRig_Box_1mm.uasset" 618
"../../../Engine/Plugins/Animation/ControlRig/Content/Controls/ControlRig_Box_1mm.uexp" 619
"../../../Engine/Plugins/Animation/ControlRig/Content/Controls/ControlRig_Arrow_solid.ubulk" 620
"../../../Engine/Plugins/Animation/ControlRig/Content/Controls/ControlRig_Arrow_solid.uasset" 621
"../../../Engine/Plugins/Animation/ControlRig/Content/Controls/ControlRig_Arrow_solid.uexp" 622
"../../../Engine/Plugins/Animation/ControlRig/Content/Controls/ControlRig_Arrow_3mm.ubulk" 623
"../../../Engine/Plugins/Animation/ControlRig/Content/Controls/ControlRig_Arrow_3mm.uasset" 624
"../../../Engine/Plugins/Animation/ControlRig/Content/Controls/ControlRig_Arrow_3mm.uexp" 625
"../../../Engine/Plugins/Animation/ControlRig/Content/Controls/ControlRig_Arrow_1mm.ubulk" 626
"../../../Engine/Plugins/Animation/ControlRig/Content/Controls/ControlRig_Arrow_1mm.uasset" 627
"../../../Engine/Plugins/Animation/ControlRig/Content/Controls/ControlRig_Arrow_1mm.uexp" 628
"../../../Engine/Plugins/Animation/ControlRig/Content/Controls/ControlRig_Arrow4_solid.ubulk" 629
"../../../Engine/Plugins/Animation/ControlRig/Content/Controls/ControlRig_Arrow4_solid.uasset" 630
"../../../Engine/Plugins/Animation/ControlRig/Content/Controls/ControlRig_Arrow4_solid.uexp" 631
"../../../Engine/Plugins/Animation/ControlRig/Content/Controls/ControlRig_Arrow4_3mm.ubulk" 632
"../../../Engine/Plugins/Animation/ControlRig/Content/Controls/ControlRig_Arrow4_3mm.uasset" 633
"../../../Engine/Plugins/Animation/ControlRig/Content/Controls/ControlRig_Arrow4_3mm.uexp" 634
"../../../Engine/Plugins/Animation/ControlRig/Content/Controls/ControlRig_Arrow4_1mm.ubulk" 635
"../../../Engine/Plugins/Animation/ControlRig/Content/Controls/ControlRig_Arrow4_1mm.uasset" 636
"../../../Engine/Plugins/Animation/ControlRig/Content/Controls/ControlRig_Arrow4_1mm.uexp" 637
"../../../Engine/Plugins/Animation/ControlRig/Content/Controls/ControlRig_Arrow2_solid.ubulk" 638
"../../../Engine/Plugins/Animation/ControlRig/Content/Controls/ControlRig_Arrow2_solid.uasset" 639
"../../../Engine/Plugins/Animation/ControlRig/Content/Controls/ControlRig_Arrow2_solid.uexp" 640
"../../../Engine/Plugins/Animation/ControlRig/Content/Controls/ControlRig_Arrow2_3mm.ubulk" 641
"../../../Engine/Plugins/Animation/ControlRig/Content/Controls/ControlRig_Arrow2_3mm.uasset" 642
"../../../Engine/Plugins/Animation/ControlRig/Content/Controls/ControlRig_Arrow2_3mm.uexp" 643
"../../../Engine/Plugins/Animation/ControlRig/Content/Controls/ControlRig_Arrow2_1mm.ubulk" 644
"../../../Engine/Plugins/Animation/ControlRig/Content/Controls/ControlRig_Arrow2_1mm.uasset" 645
"../../../Engine/Plugins/Animation/ControlRig/Content/Controls/ControlRig_Arrow2_1mm.uexp" 646
"../../../Engine/Content/EditorMaterials/Camera/CineMat.uasset" 647
"../../../Engine/Content/EditorMaterials/Camera/CineMat.uexp" 648
"../../../Engine/Content/EditorMaterials/Camera/MI_CineMat_Rig.uasset" 649
"../../../Engine/Content/EditorMaterials/Camera/MI_CineMat_Rig.uexp" 650
"../../../Engine/Content/EditorMeshes/Camera/SM_RailRig_Track.ubulk" 651
"../../../Engine/Content/EditorMeshes/Camera/SM_RailRig_Track.uasset" 652
"../../../Engine/Content/EditorMeshes/Camera/SM_RailRig_Track.uexp" 653
"../../../Engine/Content/EditorMeshes/Camera/SM_RailRig_Mount.ubulk" 654
"../../../Engine/Content/EditorMeshes/Camera/SM_RailRig_Mount.uasset" 655
"../../../Engine/Content/EditorMeshes/Camera/SM_RailRig_Mount.uexp" 656
"../../../Engine/Content/EditorMeshes/Camera/SM_CraneRig_Mount.ubulk" 657
"../../../Engine/Content/EditorMeshes/Camera/SM_CraneRig_Mount.uasset" 658
"../../../Engine/Content/EditorMeshes/Camera/SM_CraneRig_Mount.uexp" 659
"../../../Engine/Content/EditorMeshes/Camera/SM_CraneRig_Body.ubulk" 660
"../../../Engine/Content/EditorMeshes/Camera/SM_CraneRig_Body.uasset" 661
"../../../Engine/Content/EditorMeshes/Camera/SM_CraneRig_Body.uexp" 662
"../../../Engine/Content/EditorMeshes/Camera/SM_CraneRig_Base.ubulk" 663
"../../../Engine/Content/EditorMeshes/Camera/SM_CraneRig_Base.uasset" 664
"../../../Engine/Content/EditorMeshes/Camera/SM_CraneRig_Base.uexp" 665
"../../../Engine/Content/EditorMeshes/Camera/SM_CraneRig_Arm.ubulk" 666
"../../../Engine/Content/EditorMeshes/Camera/SM_CraneRig_Arm.uasset" 667
"../../../Engine/Content/EditorMeshes/Camera/SM_CraneRig_Arm.uexp" 668
"../../../Engine/Content/VREditor/TransformGizmo/Xray.uasset" 669
"../../../Engine/Content/VREditor/TransformGizmo/Xray.uexp" 670
"../../../Engine/Content/VREditor/TransformGizmo/Main.uasset" 671
"../../../Engine/Content/VREditor/TransformGizmo/Main.uexp" 672
"../../../Engine/Content/VREditor/TransformGizmo/SM_Sequencer_Node.ubulk" 673
"../../../Engine/Content/VREditor/TransformGizmo/SM_Sequencer_Node.uasset" 674
"../../../Engine/Content/VREditor/TransformGizmo/SM_Sequencer_Node.uexp" 675
"../../../Engine/Content/VREditor/TransformGizmo/TranslucentTransformGizmoMaterial.uasset" 676
"../../../Engine/Content/VREditor/TransformGizmo/TranslucentTransformGizmoMaterial.uexp" 677
"../../../Engine/Content/VREditor/LaserPointer/VR_LaserPower_01.ubulk" 678
"../../../Engine/Content/VREditor/LaserPointer/VR_LaserPower_01.uasset" 679
"../../../Engine/Content/VREditor/LaserPointer/VR_LaserPower_01.uexp" 680
"../../../Engine/Content/VREditor/TransformGizmo/TransformGizmoMaterial.uasset" 681
"../../../Engine/Content/VREditor/TransformGizmo/TransformGizmoMaterial.uexp" 682
"../../../Engine/Content/VREditor/TransformGizmo/BoundingBoxEdge.ubulk" 683
"../../../Engine/Content/VREditor/TransformGizmo/BoundingBoxEdge.uasset" 684
"../../../Engine/Content/VREditor/TransformGizmo/BoundingBoxEdge.uexp" 685
"../../../Engine/Content/VREditor/TransformGizmo/BoundingBoxCorner.ubulk" 686
"../../../Engine/Content/VREditor/TransformGizmo/BoundingBoxCorner.uasset" 687
"../../../Engine/Content/VREditor/TransformGizmo/BoundingBoxCorner.uexp" 688
"../../../Engine/Plugins/Interchange/Assets/Content/gltf/Textures/T_White_srgb.uasset" 689
"../../../Engine/Plugins/Interchange/Assets/Content/gltf/Textures/T_White_srgb.uexp" 690
"../../../Engine/Plugins/Interchange/Assets/Content/gltf/MaterialFunctions/MF_BaseColor.uasset" 691
"../../../Engine/Plugins/Interchange/Assets/Content/gltf/MaterialFunctions/MF_BaseColor.uexp" 692
"../../../Engine/Plugins/Interchange/Assets/Content/gltf/MaterialFunctions/MF_RotateV2.uasset" 693
"../../../Engine/Plugins/Interchange/Assets/Content/gltf/MaterialFunctions/MF_RotateV2.uexp" 694
"../../../Engine/Plugins/Interchange/Assets/Content/gltf/MaterialFunctions/MF_TransformUVs.uasset" 695
"../../../Engine/Plugins/Interchange/Assets/Content/gltf/MaterialFunctions/MF_TransformUVs.uexp" 696
"../../../Engine/Plugins/Interchange/Assets/Content/gltf/MaterialBodies/MF_Unlit_Body.uasset" 697
"../../../Engine/Plugins/Interchange/Assets/Content/gltf/MaterialBodies/MF_Unlit_Body.uexp" 698
"../../../Engine/Plugins/Interchange/Assets/Content/gltf/M_Unlit.uasset" 699
"../../../Engine/Plugins/Interchange/Assets/Content/gltf/M_Unlit.uexp" 700
"../../../Engine/Plugins/Interchange/Assets/Content/gltf/MaterialInstances/MI_Unlit_Opaque_DS.uasset" 701
"../../../Engine/Plugins/Interchange/Assets/Content/gltf/MaterialInstances/MI_Unlit_Opaque_DS.uexp" 702
"../../../Engine/Plugins/Interchange/Assets/Content/gltf/MaterialInstances/MI_Unlit_Opaque.uasset" 703
"../../../Engine/Plugins/Interchange/Assets/Content/gltf/MaterialInstances/MI_Unlit_Opaque.uexp" 704
"../../../Engine/Plugins/Interchange/Assets/Content/gltf/MaterialInstances/MI_Unlit_Mask_DS.uasset" 705
"../../../Engine/Plugins/Interchange/Assets/Content/gltf/MaterialInstances/MI_Unlit_Mask_DS.uexp" 706
"../../../Engine/Plugins/Interchange/Assets/Content/gltf/MaterialInstances/MI_Unlit_Mask.uasset" 707
"../../../Engine/Plugins/Interchange/Assets/Content/gltf/MaterialInstances/MI_Unlit_Mask.uexp" 708
"../../../Engine/Plugins/Interchange/Assets/Content/gltf/MaterialInstances/MI_Unlit_Blend_DS.uasset" 709
"../../../Engine/Plugins/Interchange/Assets/Content/gltf/MaterialInstances/MI_Unlit_Blend_DS.uexp" 710
"../../../Engine/Plugins/Interchange/Assets/Content/gltf/MaterialInstances/MI_Unlit_Blend.uasset" 711
"../../../Engine/Plugins/Interchange/Assets/Content/gltf/MaterialInstances/MI_Unlit_Blend.uexp" 712
"../../../Engine/Content/EngineMaterials/Good64x64TilingNoiseHighFreq.uasset" 713
"../../../Engine/Content/EngineMaterials/Good64x64TilingNoiseHighFreq.uexp" 714
"../../../Engine/Content/Functions/Engine_MaterialFunctions02/Texturing/ScreenAlignedPixelToPixelUVs.uasset" 715
"../../../Engine/Content/Functions/Engine_MaterialFunctions02/Texturing/ScreenAlignedPixelToPixelUVs.uexp" 716
"../../../Engine/Plugins/Interchange/Assets/Content/gltf/MaterialFunctions/MF_Fresnel_DS.uasset" 717
"../../../Engine/Plugins/Interchange/Assets/Content/gltf/MaterialFunctions/MF_Fresnel_DS.uexp" 718
"../../../Engine/Plugins/Interchange/Assets/Content/gltf/MaterialFunctions/MF_Temporal_Blur.uasset" 719
"../../../Engine/Plugins/Interchange/Assets/Content/gltf/MaterialFunctions/MF_Temporal_Blur.uexp" 720
"../../../Engine/Content/Functions/Engine_MaterialFunctions02/Math/Transform3x3Matrix.uasset" 721
"../../../Engine/Content/Functions/Engine_MaterialFunctions02/Math/Transform3x3Matrix.uexp" 722
"../../../Engine/Plugins/Interchange/Assets/Content/Utilities/New_LUT.uasset" 723
"../../../Engine/Plugins/Interchange/Assets/Content/Utilities/New_LUT.uexp" 724
"../../../Engine/Content/Functions/Engine_MaterialFunctions03/Math/RemapValueRange.uasset" 725
"../../../Engine/Content/Functions/Engine_MaterialFunctions03/Math/RemapValueRange.uexp" 726
"../../../Engine/Plugins/Interchange/Assets/Content/Functions/MF_Iridescence.uasset" 727
"../../../Engine/Plugins/Interchange/Assets/Content/Functions/MF_Iridescence.uexp" 728
"../../../Engine/Plugins/Interchange/Assets/Content/gltf/MaterialFunctions/MF_IOR.uasset" 729
"../../../Engine/Plugins/Interchange/Assets/Content/gltf/MaterialFunctions/MF_IOR.uexp" 730
"../../../Engine/Plugins/Interchange/Assets/Content/gltf/MaterialFunctions/MF_Iridescence.uasset" 731
"../../../Engine/Plugins/Interchange/Assets/Content/gltf/MaterialFunctions/MF_Iridescence.uexp" 732
"../../../Engine/Plugins/Interchange/Assets/Content/gltf/Textures/T_White_Linear.uasset" 733
"../../../Engine/Plugins/Interchange/Assets/Content/gltf/Textures/T_White_Linear.uexp" 734
"../../../Engine/Plugins/Interchange/Assets/Content/gltf/MaterialFunctions/MF_MetallicRoughness.uasset" 735
"../../../Engine/Plugins/Interchange/Assets/Content/gltf/MaterialFunctions/MF_MetallicRoughness.uexp" 736
"../../../Engine/Plugins/Interchange/Assets/Content/gltf/MaterialFunctions/MF_RotateNormals_TS.uasset" 737
"../../../Engine/Plugins/Interchange/Assets/Content/gltf/MaterialFunctions/MF_RotateNormals_TS.uexp" 738
"../../../Engine/Plugins/Interchange/Assets/Content/gltf/MaterialFunctions/MF_ScaleNormal.uasset" 739
"../../../Engine/Plugins/Interchange/Assets/Content/gltf/MaterialFunctions/MF_ScaleNormal.uexp" 740
"../../../Engine/Plugins/Interchange/Assets/Content/gltf/Textures/T_Generic_N.uasset" 741
"../../../Engine/Plugins/Interchange/Assets/Content/gltf/Textures/T_Generic_N.uexp" 742
"../../../Engine/Plugins/Interchange/Assets/Content/gltf/MaterialFunctions/MF_Normals.uasset" 743
"../../../Engine/Plugins/Interchange/Assets/Content/gltf/MaterialFunctions/MF_Normals.uexp" 744
"../../../Engine/Plugins/Interchange/Assets/Content/gltf/MaterialFunctions/MF_Occlusion.uasset" 745
"../../../Engine/Plugins/Interchange/Assets/Content/gltf/MaterialFunctions/MF_Occlusion.uexp" 746
"../../../Engine/Plugins/Interchange/Assets/Content/gltf/MaterialFunctions/MF_Specular.uasset" 747
"../../../Engine/Plugins/Interchange/Assets/Content/gltf/MaterialFunctions/MF_Specular.uexp" 748
"../../../Engine/Plugins/Interchange/Assets/Content/gltf/Textures/T_Anisotropy_Direction_Linear.uasset" 749
"../../../Engine/Plugins/Interchange/Assets/Content/gltf/Textures/T_Anisotropy_Direction_Linear.uexp" 750
"../../../Engine/Plugins/Interchange/Assets/Content/gltf/MaterialFunctions/MF_SpecularAnisotropy.uasset" 751
"../../../Engine/Plugins/Interchange/Assets/Content/gltf/MaterialFunctions/MF_SpecularAnisotropy.uexp" 752
"../../../Engine/Plugins/Interchange/Assets/Content/gltf/MaterialFunctions/MF_Transmission.uasset" 753
"../../../Engine/Plugins/Interchange/Assets/Content/gltf/MaterialFunctions/MF_Transmission.uexp" 754
"../../../Engine/Plugins/Interchange/Assets/Content/gltf/MaterialBodies/MF_Transmission_Body.uasset" 755
"../../../Engine/Plugins/Interchange/Assets/Content/gltf/MaterialBodies/MF_Transmission_Body.uexp" 756
"../../../Engine/Plugins/Interchange/Assets/Content/gltf/M_Transmission.uasset" 757
"../../../Engine/Plugins/Interchange/Assets/Content/gltf/M_Transmission.uexp" 758
"../../../Engine/Plugins/Interchange/Assets/Content/gltf/MaterialInstances/MI_Transmission_DS.uasset" 759
"../../../Engine/Plugins/Interchange/Assets/Content/gltf/MaterialInstances/MI_Transmission_DS.uexp" 760
"../../../Engine/Plugins/Interchange/Assets/Content/gltf/MaterialInstances/MI_Transmission.uasset" 761
"../../../Engine/Plugins/Interchange/Assets/Content/gltf/MaterialInstances/MI_Transmission.uexp" 762
"../../../Engine/Content/Functions/Engine_MaterialFunctions02/Math/AddComponents.uasset" 763
"../../../Engine/Content/Functions/Engine_MaterialFunctions02/Math/AddComponents.uexp" 764
"../../../Engine/Plugins/Interchange/Assets/Content/gltf/MaterialFunctions/MF_DiffuseSpecGloss.uasset" 765
"../../../Engine/Plugins/Interchange/Assets/Content/gltf/MaterialFunctions/MF_DiffuseSpecGloss.uexp" 766
"../../../Engine/Plugins/Interchange/Assets/Content/gltf/MaterialFunctions/MF_Emissive.uasset" 767
"../../../Engine/Plugins/Interchange/Assets/Content/gltf/MaterialFunctions/MF_Emissive.uexp" 768
"../../../Engine/Plugins/Interchange/Assets/Content/gltf/MaterialFunctions/MF_MaxComponentValue.uasset" 769
"../../../Engine/Plugins/Interchange/Assets/Content/gltf/MaterialFunctions/MF_MaxComponentValue.uexp" 770
"../../../Engine/Plugins/Interchange/Assets/Content/gltf/MaterialFunctions/MF_PerceivedBrightness.uasset" 771
"../../../Engine/Plugins/Interchange/Assets/Content/gltf/MaterialFunctions/MF_PerceivedBrightness.uexp" 772
"../../../Engine/Plugins/Interchange/Assets/Content/gltf/MaterialFunctions/MF_SpecGlossToMetalRoughness.uasset" 773
"../../../Engine/Plugins/Interchange/Assets/Content/gltf/MaterialFunctions/MF_SpecGlossToMetalRoughness.uexp" 774
"../../../Engine/Plugins/Interchange/Assets/Content/gltf/MaterialBodies/MF_SpecularGlossiness_Body.uasset" 775
"../../../Engine/Plugins/Interchange/Assets/Content/gltf/MaterialBodies/MF_SpecularGlossiness_Body.uexp" 776
"../../../Engine/Plugins/Interchange/Assets/Content/gltf/M_SpecularGlossiness.uasset" 777
"../../../Engine/Plugins/Interchange/Assets/Content/gltf/M_SpecularGlossiness.uexp" 778
"../../../Engine/Plugins/Interchange/Assets/Content/gltf/MaterialInstances/MI_SpecularGlossiness_Opaque_DS.uasset" 779
"../../../Engine/Plugins/Interchange/Assets/Content/gltf/MaterialInstances/MI_SpecularGlossiness_Opaque_DS.uexp" 780
"../../../Engine/Plugins/Interchange/Assets/Content/gltf/MaterialInstances/MI_SpecularGlossiness_Opaque.uasset" 781
"../../../Engine/Plugins/Interchange/Assets/Content/gltf/MaterialInstances/MI_SpecularGlossiness_Opaque.uexp" 782
"../../../Engine/Plugins/Interchange/Assets/Content/gltf/MaterialInstances/MI_SpecularGlossiness_Mask_DS.uasset" 783
"../../../Engine/Plugins/Interchange/Assets/Content/gltf/MaterialInstances/MI_SpecularGlossiness_Mask_DS.uexp" 784
"../../../Engine/Plugins/Interchange/Assets/Content/gltf/MaterialInstances/MI_SpecularGlossiness_Mask.uasset" 785
"../../../Engine/Plugins/Interchange/Assets/Content/gltf/MaterialInstances/MI_SpecularGlossiness_Mask.uexp" 786
"../../../Engine/Plugins/Interchange/Assets/Content/gltf/MaterialInstances/MI_SpecularGlossiness_Blend_DS.uasset" 787
"../../../Engine/Plugins/Interchange/Assets/Content/gltf/MaterialInstances/MI_SpecularGlossiness_Blend_DS.uexp" 788
"../../../Engine/Plugins/Interchange/Assets/Content/gltf/MaterialInstances/MI_SpecularGlossiness_Blend.uasset" 789
"../../../Engine/Plugins/Interchange/Assets/Content/gltf/MaterialInstances/MI_SpecularGlossiness_Blend.uexp" 790
"../../../Engine/Plugins/Interchange/Assets/Content/gltf/MaterialFunctions/MF_Sheen.uasset" 791
"../../../Engine/Plugins/Interchange/Assets/Content/gltf/MaterialFunctions/MF_Sheen.uexp" 792
"../../../Engine/Plugins/Interchange/Assets/Content/gltf/MaterialBodies/MF_Sheen_Body.uasset" 793
"../../../Engine/Plugins/Interchange/Assets/Content/gltf/MaterialBodies/MF_Sheen_Body.uexp" 794
"../../../Engine/Plugins/Interchange/Assets/Content/gltf/M_Sheen.uasset" 795
"../../../Engine/Plugins/Interchange/Assets/Content/gltf/M_Sheen.uexp" 796
"../../../Engine/Plugins/Interchange/Assets/Content/gltf/MaterialInstances/MI_Sheen_Opaque_DS.uasset" 797
"../../../Engine/Plugins/Interchange/Assets/Content/gltf/MaterialInstances/MI_Sheen_Opaque_DS.uexp" 798
"../../../Engine/Plugins/Interchange/Assets/Content/gltf/MaterialInstances/MI_Sheen_Opaque.uasset" 799
"../../../Engine/Plugins/Interchange/Assets/Content/gltf/MaterialInstances/MI_Sheen_Opaque.uexp" 800
"../../../Engine/Plugins/Interchange/Assets/Content/gltf/MaterialInstances/MI_Sheen_Mask_DS.uasset" 801
"../../../Engine/Plugins/Interchange/Assets/Content/gltf/MaterialInstances/MI_Sheen_Mask_DS.uexp" 802
"../../../Engine/Plugins/Interchange/Assets/Content/gltf/MaterialInstances/MI_Sheen_Mask.uasset" 803
"../../../Engine/Plugins/Interchange/Assets/Content/gltf/MaterialInstances/MI_Sheen_Mask.uexp" 804
"../../../Engine/Plugins/Interchange/Assets/Content/gltf/MaterialInstances/MI_Sheen_Blend_DS.uasset" 805
"../../../Engine/Plugins/Interchange/Assets/Content/gltf/MaterialInstances/MI_Sheen_Blend_DS.uexp" 806
"../../../Engine/Plugins/Interchange/Assets/Content/gltf/MaterialInstances/MI_Sheen_Blend.uasset" 807
"../../../Engine/Plugins/Interchange/Assets/Content/gltf/MaterialInstances/MI_Sheen_Blend.uexp" 808
"../../../Engine/Plugins/Interchange/Assets/Content/gltf/MaterialBodies/MF_Default_Body.uasset" 809
"../../../Engine/Plugins/Interchange/Assets/Content/gltf/MaterialBodies/MF_Default_Body.uexp" 810
"../../../Engine/Plugins/Interchange/Assets/Content/gltf/M_Default.uasset" 811
"../../../Engine/Plugins/Interchange/Assets/Content/gltf/M_Default.uexp" 812
"../../../Engine/Plugins/Interchange/Assets/Content/gltf/MaterialInstances/MI_Default_Opaque_DS.uasset" 813
"../../../Engine/Plugins/Interchange/Assets/Content/gltf/MaterialInstances/MI_Default_Opaque_DS.uexp" 814
"../../../Engine/Plugins/Interchange/Assets/Content/gltf/MaterialInstances/MI_Default_Opaque.uasset" 815
"../../../Engine/Plugins/Interchange/Assets/Content/gltf/MaterialInstances/MI_Default_Opaque.uexp" 816
"../../../Engine/Plugins/Interchange/Assets/Content/gltf/MaterialInstances/MI_Default_Mask_DS.uasset" 817
"../../../Engine/Plugins/Interchange/Assets/Content/gltf/MaterialInstances/MI_Default_Mask_DS.uexp" 818
"../../../Engine/Plugins/Interchange/Assets/Content/gltf/MaterialInstances/MI_Default_Mask.uasset" 819
"../../../Engine/Plugins/Interchange/Assets/Content/gltf/MaterialInstances/MI_Default_Mask.uexp" 820
"../../../Engine/Plugins/Interchange/Assets/Content/gltf/MaterialInstances/MI_Default_Blend_DS.uasset" 821
"../../../Engine/Plugins/Interchange/Assets/Content/gltf/MaterialInstances/MI_Default_Blend_DS.uexp" 822
"../../../Engine/Plugins/Interchange/Assets/Content/gltf/MaterialInstances/MI_Default_Blend.uasset" 823
"../../../Engine/Plugins/Interchange/Assets/Content/gltf/MaterialInstances/MI_Default_Blend.uexp" 824
"../../../Engine/Content/Functions/Engine_MaterialFunctions01/Texturing/FlattenNormal.uasset" 825
"../../../Engine/Content/Functions/Engine_MaterialFunctions01/Texturing/FlattenNormal.uexp" 826
"../../../Engine/Plugins/Interchange/Assets/Content/gltf/MaterialFunctions/MF_Clearcoat.uasset" 827
"../../../Engine/Plugins/Interchange/Assets/Content/gltf/MaterialFunctions/MF_Clearcoat.uexp" 828
"../../../Engine/Plugins/Interchange/Assets/Content/gltf/MaterialBodies/MF_ClearCoat_Body.uasset" 829
"../../../Engine/Plugins/Interchange/Assets/Content/gltf/MaterialBodies/MF_ClearCoat_Body.uexp" 830
"../../../Engine/Plugins/Interchange/Assets/Content/gltf/M_ClearCoat.uasset" 831
"../../../Engine/Plugins/Interchange/Assets/Content/gltf/M_ClearCoat.uexp" 832
"../../../Engine/Plugins/Interchange/Assets/Content/gltf/MaterialInstances/MI_ClearCoat_Opaque_DS.uasset" 833
"../../../Engine/Plugins/Interchange/Assets/Content/gltf/MaterialInstances/MI_ClearCoat_Opaque_DS.uexp" 834
"../../../Engine/Plugins/Interchange/Assets/Content/gltf/MaterialInstances/MI_ClearCoat_Opaque.uasset" 835
"../../../Engine/Plugins/Interchange/Assets/Content/gltf/MaterialInstances/MI_ClearCoat_Opaque.uexp" 836
"../../../Engine/Plugins/Interchange/Assets/Content/gltf/MaterialInstances/MI_ClearCoat_Mask_DS.uasset" 837
"../../../Engine/Plugins/Interchange/Assets/Content/gltf/MaterialInstances/MI_ClearCoat_Mask_DS.uexp" 838
"../../../Engine/Plugins/Interchange/Assets/Content/gltf/MaterialInstances/MI_ClearCoat_Mask.uasset" 839
"../../../Engine/Plugins/Interchange/Assets/Content/gltf/MaterialInstances/MI_ClearCoat_Mask.uexp" 840
"../../../Engine/Plugins/Interchange/Assets/Content/gltf/MaterialInstances/MI_ClearCoat_Blend_DS.uasset" 841
"../../../Engine/Plugins/Interchange/Assets/Content/gltf/MaterialInstances/MI_ClearCoat_Blend_DS.uexp" 842
"../../../Engine/Plugins/Interchange/Assets/Content/gltf/MaterialInstances/MI_ClearCoat_Blend.uasset" 843
"../../../Engine/Plugins/Interchange/Assets/Content/gltf/MaterialInstances/MI_ClearCoat_Blend.uexp" 844
"../../../Engine/Content/ArtTools/RenderToTexture/Meshes/S_1_Unit_Plane.ubulk" 845
"../../../Engine/Content/ArtTools/RenderToTexture/Meshes/S_1_Unit_Plane.uasset" 846
"../../../Engine/Content/ArtTools/RenderToTexture/Meshes/S_1_Unit_Plane.uexp" 847
"../../../Engine/Content/EngineMaterials/Substrate/Volume/SubstrateSimpleVolumeLUT3D.uasset" 848
"../../../Engine/Content/EngineMaterials/Substrate/Volume/SubstrateSimpleVolumeLUT3D.uexp" 849
"../../../Engine/Content/EngineMaterials/Substrate/Volume/SubstrateSimpleVolumeEnvLUT3D.uasset" 850
"../../../Engine/Content/EngineMaterials/Substrate/Volume/SubstrateSimpleVolumeEnvLUT3D.uexp" 851
"../../../Engine/Content/EngineMaterials/Substrate/Glints2/AGlintTex2dArray2.uasset" 852
"../../../Engine/Content/EngineMaterials/Substrate/Glints2/AGlintTex2dArray2.uexp" 853
"../../../Engine/Content/EngineMaterials/Substrate/GLints/AGlintTex2dArray.uasset" 854
"../../../Engine/Content/EngineMaterials/Substrate/GLints/AGlintTex2dArray.uexp" 855
"../../../Engine/Plugins/NNE/NNEDenoiser/Content/NNED_Oidn2-3_HighQuality_Alpha.uasset" 856
"../../../Engine/Plugins/NNE/NNEDenoiser/Content/NNED_Oidn2-3_HighQuality_Alpha.uexp" 857
"../../../Engine/Plugins/NNE/NNEDenoiser/Content/NNED_Oidn2-3_HighQuality.uasset" 858
"../../../Engine/Plugins/NNE/NNEDenoiser/Content/NNED_Oidn2-3_HighQuality.uexp" 859
"../../../Engine/Plugins/NNE/NNEDenoiser/Content/NNED_Oidn2-3_Fast_Alpha.uasset" 860
"../../../Engine/Plugins/NNE/NNEDenoiser/Content/NNED_Oidn2-3_Fast_Alpha.uexp" 861
"../../../Engine/Plugins/NNE/NNEDenoiser/Content/NNED_Oidn2-3_Fast.uasset" 862
"../../../Engine/Plugins/NNE/NNEDenoiser/Content/NNED_Oidn2-3_Fast.uexp" 863
"../../../Engine/Plugins/NNE/NNEDenoiser/Content/NNED_Oidn2-3_Balanced_Alpha.uasset" 864
"../../../Engine/Plugins/NNE/NNEDenoiser/Content/NNED_Oidn2-3_Balanced_Alpha.uexp" 865
"../../../Engine/Plugins/NNE/NNEDenoiser/Content/NNED_Oidn2-3_Balanced.uasset" 866
"../../../Engine/Plugins/NNE/NNEDenoiser/Content/NNED_Oidn2-3_Balanced.uexp" 867
"../../../Engine/Plugins/NNE/NNEDenoiser/Content/NNEDT_Oidn2-3_Balanced_Alpha.uasset" 868
"../../../Engine/Plugins/NNE/NNEDenoiser/Content/NNEDT_Oidn2-3_Balanced_Alpha.uexp" 869
"../../../Engine/Plugins/NNE/NNEDenoiser/Content/NNEDT_Oidn2-3_Balanced.uasset" 870
"../../../Engine/Plugins/NNE/NNEDenoiser/Content/NNEDT_Oidn2-3_Balanced.uexp" 871
"../../../Engine/Plugins/Animation/DeformerGraph/Content/DeformerFunctions/DG_Function_LinearBlendSkin_Morph_Cloth_PositionOnly.uasset" 872
"../../../Engine/Plugins/Animation/DeformerGraph/Content/DeformerFunctions/DG_Function_LinearBlendSkin_Morph_Cloth_PositionOnly.uexp" 873
"../../../Engine/Plugins/Animation/DeformerGraph/Content/DeformerFunctions/DG_Function_ComputeNormalsTangents.uasset" 874
"../../../Engine/Plugins/Animation/DeformerGraph/Content/DeformerFunctions/DG_Function_ComputeNormalsTangents.uexp" 875
"../../../Engine/Plugins/Animation/DeformerGraph/Content/Deformers/DG_LinearBlendSkin_Morph_Cloth_RecomputeNormals.uasset" 876
"../../../Engine/Plugins/Animation/DeformerGraph/Content/Deformers/DG_LinearBlendSkin_Morph_Cloth_RecomputeNormals.uexp" 877
"../../../Engine/Plugins/Animation/DeformerGraph/Content/DeformerFunctions/DG_Function_LinearBlendSkin_Morph_Cloth.uasset" 878
"../../../Engine/Plugins/Animation/DeformerGraph/Content/DeformerFunctions/DG_Function_LinearBlendSkin_Morph_Cloth.uexp" 879
"../../../Engine/Plugins/Animation/DeformerGraph/Content/Deformers/DG_LinearBlendSkin_Morph_Cloth.uasset" 880
"../../../Engine/Plugins/Animation/DeformerGraph/Content/Deformers/DG_LinearBlendSkin_Morph_Cloth.uexp" 881
"../../../Engine/Content/VREditor/Sounds/UI/Drop_Item_From_ContentBrowser.ubulk" 882
"../../../Engine/Content/VREditor/Sounds/UI/Drop_Item_From_ContentBrowser.uasset" 883
"../../../Engine/Content/VREditor/Sounds/UI/Drop_Item_From_ContentBrowser.uexp" 884
"../../../Engine/Content/VREditor/TransformGizmo/TransformGizmoMaterial_Inst.uasset" 885
"../../../Engine/Content/VREditor/TransformGizmo/TransformGizmoMaterial_Inst.uexp" 886
"../../../Engine/Content/VREditor/TransformGizmo/TranslucentTransformGizmoMaterial_Inst.uasset" 887
"../../../Engine/Content/VREditor/TransformGizmo/TranslucentTransformGizmoMaterial_Inst.uexp" 888
"../../../Engine/Content/Functions/Engine_MaterialFunctions02/SplitComponents.uasset" 889
"../../../Engine/Content/Functions/Engine_MaterialFunctions02/SplitComponents.uexp" 890
"../../../Engine/Content/VREditor/SnapGrid/SnapGridMaterial.uasset" 891
"../../../Engine/Content/VREditor/SnapGrid/SnapGridMaterial.uexp" 892
"../../../Engine/Content/VREditor/SnapGrid/SnapGridPlaneMesh.ubulk" 893
"../../../Engine/Content/VREditor/SnapGrid/SnapGridPlaneMesh.uasset" 894
"../../../Engine/Content/VREditor/SnapGrid/SnapGridPlaneMesh.uexp" 895
"../../../Engine/Content/VREditor/Sounds/UI/Gizmo_Handle_Clicked.ubulk" 896
"../../../Engine/Content/VREditor/Sounds/UI/Gizmo_Handle_Clicked.uasset" 897
"../../../Engine/Content/VREditor/Sounds/UI/Gizmo_Handle_Clicked.uexp" 898
"../../../Engine/Content/VREditor/Sounds/UI/Object_PickUp.ubulk" 899
"../../../Engine/Content/VREditor/Sounds/UI/Object_PickUp.uasset" 900
"../../../Engine/Content/VREditor/Sounds/UI/Object_PickUp.uexp" 901
"../../../Engine/Content/VREditor/Sounds/UI/Object_Snaps_To_Another_Actor.ubulk" 902
"../../../Engine/Content/VREditor/Sounds/UI/Object_Snaps_To_Another_Actor.uasset" 903
"../../../Engine/Content/VREditor/Sounds/UI/Object_Snaps_To_Another_Actor.uexp" 904
"../../../Engine/Content/VREditor/Sounds/UI/Object_Snaps_To_Grid.ubulk" 905
"../../../Engine/Content/VREditor/Sounds/UI/Object_Snaps_To_Grid.uasset" 906
"../../../Engine/Content/VREditor/Sounds/UI/Object_Snaps_To_Grid.uexp" 907
"../../../Engine/Content/VREditor/Sounds/UI/Scaling_Down.ubulk" 908
"../../../Engine/Content/VREditor/Sounds/UI/Scaling_Down.uasset" 909
"../../../Engine/Content/VREditor/Sounds/UI/Scaling_Down.uexp" 910
"../../../Engine/Content/VREditor/Sounds/UI/Scaling_Up.ubulk" 911
"../../../Engine/Content/VREditor/Sounds/UI/Scaling_Up.uasset" 912
"../../../Engine/Content/VREditor/Sounds/UI/Scaling_Up.uexp" 913
"../../../Engine/Content/VREditor/Sounds/UI/Selection_Changes.ubulk" 914
"../../../Engine/Content/VREditor/Sounds/UI/Selection_Changes.uasset" 915
"../../../Engine/Content/VREditor/Sounds/UI/Selection_Changes.uexp" 916
"../../../Engine/Content/VREditor/TransformGizmo/PlaneTranslationHandle.ubulk" 917
"../../../Engine/Content/VREditor/TransformGizmo/PlaneTranslationHandle.uasset" 918
"../../../Engine/Content/VREditor/TransformGizmo/PlaneTranslationHandle.uexp" 919
"../../../Engine/Content/VREditor/TransformGizmo/RotationHandleFull.ubulk" 920
"../../../Engine/Content/VREditor/TransformGizmo/RotationHandleFull.uasset" 921
"../../../Engine/Content/VREditor/TransformGizmo/RotationHandleFull.uexp" 922
"../../../Engine/Content/VREditor/TransformGizmo/RotationHandleIndicator.ubulk" 923
"../../../Engine/Content/VREditor/TransformGizmo/RotationHandleIndicator.uasset" 924
"../../../Engine/Content/VREditor/TransformGizmo/RotationHandleIndicator.uexp" 925
"../../../Engine/Content/VREditor/TransformGizmo/RotationHandleQuarter.ubulk" 926
"../../../Engine/Content/VREditor/TransformGizmo/RotationHandleQuarter.uasset" 927
"../../../Engine/Content/VREditor/TransformGizmo/RotationHandleQuarter.uexp" 928
"../../../Engine/Content/VREditor/TransformGizmo/StartRotationHandleIndicator.ubulk" 929
"../../../Engine/Content/VREditor/TransformGizmo/StartRotationHandleIndicator.uasset" 930
"../../../Engine/Content/VREditor/TransformGizmo/StartRotationHandleIndicator.uexp" 931
"../../../Engine/Content/VREditor/TransformGizmo/TransformGizmoFreeRotation.ubulk" 932
"../../../Engine/Content/VREditor/TransformGizmo/TransformGizmoFreeRotation.uasset" 933
"../../../Engine/Content/VREditor/TransformGizmo/TransformGizmoFreeRotation.uexp" 934
"../../../Engine/Content/VREditor/TransformGizmo/TranslateArrowHandle.ubulk" 935
"../../../Engine/Content/VREditor/TransformGizmo/TranslateArrowHandle.uasset" 936
"../../../Engine/Content/VREditor/TransformGizmo/TranslateArrowHandle.uexp" 937
"../../../Engine/Content/VREditor/TransformGizmo/UniformScaleHandle.ubulk" 938
"../../../Engine/Content/VREditor/TransformGizmo/UniformScaleHandle.uasset" 939
"../../../Engine/Content/VREditor/TransformGizmo/UniformScaleHandle.uexp" 940
"../../../Engine/Content/EngineResources/LandscapeVisibilityLayerInfo.uasset" 941
"../../../Engine/Content/EngineResources/LandscapeVisibilityLayerInfo.uexp" 942
"../../../Engine/Content/Maps/Entry_BuiltData.uasset" 943
"../../../Engine/Content/Maps/Entry_BuiltData.uexp" 944
"../../../Engine/Content/Maps/Entry.uexp" 945
"../../../Engine/Content/Maps/Entry.umap" 946
"../../../Engine/Content/EngineSky/VolumetricClouds/VT_PerlinWorley_Balanced.uasset" 947
"../../../Engine/Content/EngineSky/VolumetricClouds/VT_PerlinWorley_Balanced.uexp" 948
"../../../Engine/Content/EngineSky/VolumetricClouds/T_Profile_08.ubulk" 949
"../../../Engine/Content/EngineSky/VolumetricClouds/T_Profile_08.uasset" 950
"../../../Engine/Content/EngineSky/VolumetricClouds/T_Profile_08.uexp" 951
"../../../Engine/Content/EngineSky/VolumetricClouds/T_CloudPattern.ubulk" 952
"../../../Engine/Content/EngineSky/VolumetricClouds/T_CloudPattern.uasset" 953
"../../../Engine/Content/EngineSky/VolumetricClouds/T_CloudPattern.uexp" 954
"../../../Engine/Content/EngineSky/VolumetricClouds/T_CloudMask.ubulk" 955
"../../../Engine/Content/EngineSky/VolumetricClouds/T_CloudMask.uasset" 956
"../../../Engine/Content/EngineSky/VolumetricClouds/T_CloudMask.uexp" 957
"../../../Engine/Content/Functions/Engine_MaterialFunctions02/Utility/BreakOutFloat4Components.uasset" 958
"../../../Engine/Content/Functions/Engine_MaterialFunctions02/Utility/BreakOutFloat4Components.uexp" 959
"../../../Engine/Content/Functions/Engine_MaterialFunctions02/Utility/MakeFloat4.uasset" 960
"../../../Engine/Content/Functions/Engine_MaterialFunctions02/Utility/MakeFloat4.uexp" 961
"../../../Engine/Content/Functions/Engine_MaterialFunctions01/Units/Km-to-Cm.uasset" 962
"../../../Engine/Content/Functions/Engine_MaterialFunctions01/Units/Km-to-Cm.uexp" 963
"../../../Engine/Content/EngineSky/VolumetricClouds/VT_Lightning.uasset" 964
"../../../Engine/Content/EngineSky/VolumetricClouds/VT_Lightning.uexp" 965
"../../../Engine/Content/EngineResources/DefaultVolumeTexture2D.uasset" 966
"../../../Engine/Content/EngineResources/DefaultVolumeTexture2D.uexp" 967
"../../../Engine/Content/EngineResources/DefaultVolumeTexture.uasset" 968
"../../../Engine/Content/EngineResources/DefaultVolumeTexture.uexp" 969
"../../../Engine/Content/EngineSky/VolumetricClouds/m_SimpleVolumetricCloud.uasset" 970
"../../../Engine/Content/EngineSky/VolumetricClouds/m_SimpleVolumetricCloud.uexp" 971
"../../../Engine/Content/EngineSky/VolumetricClouds/m_SimpleVolumetricCloud_Inst.uasset" 972
"../../../Engine/Content/EngineSky/VolumetricClouds/m_SimpleVolumetricCloud_Inst.uexp" 973
"../../../Engine/Content/EngineSky/M_SimpleSkyDome.uasset" 974
"../../../Engine/Content/EngineSky/M_SimpleSkyDome.uexp" 975
"../../../Engine/Content/EngineSky/T_Sky_Stars.ubulk" 976
"../../../Engine/Content/EngineSky/T_Sky_Stars.uasset" 977
"../../../Engine/Content/EngineSky/T_Sky_Stars.uexp" 978
"../../../Engine/Content/EngineSky/T_Sky_Clouds_M.ubulk" 979
"../../../Engine/Content/EngineSky/T_Sky_Clouds_M.uasset" 980
"../../../Engine/Content/EngineSky/T_Sky_Clouds_M.uexp" 981
"../../../Engine/Content/EngineSky/T_Sky_Blue.ubulk" 982
"../../../Engine/Content/EngineSky/T_Sky_Blue.uasset" 983
"../../../Engine/Content/EngineSky/T_Sky_Blue.uexp" 984
"../../../Engine/Content/EngineSky/M_Sky_Panning_Clouds2.uasset" 985
"../../../Engine/Content/EngineSky/M_Sky_Panning_Clouds2.uexp" 986
"../../../Engine/Content/EngineSky/SM_SkySphere.ubulk" 987
"../../../Engine/Content/EngineSky/SM_SkySphere.uasset" 988
"../../../Engine/Content/EngineSky/SM_SkySphere.uexp" 989
"../../../Engine/Content/BasicShapes/Cube.ubulk" 990
"../../../Engine/Content/BasicShapes/Cube.uasset" 991
"../../../Engine/Content/BasicShapes/Cube.uexp" 992
"../../../Engine/Content/BasicShapes/Sphere.ubulk" 993
"../../../Engine/Content/BasicShapes/Sphere.uasset" 994
"../../../Engine/Content/BasicShapes/Sphere.uexp" 995
"../../../Engine/Content/BasicShapes/BasicShapeMaterial.uasset" 996
"../../../Engine/Content/BasicShapes/BasicShapeMaterial.uexp" 997
"C:/Users/joshu/Documents/Unreal Projects/AFTC/AnythingForTheClip/Content/Assets/Sounds/SFX/ambiance.ubulk" 998
"C:/Users/joshu/Documents/Unreal Projects/AFTC/AnythingForTheClip/Content/Assets/Sounds/SFX/ambiance.uasset" 999
"C:/Users/joshu/Documents/Unreal Projects/AFTC/AnythingForTheClip/Content/Assets/Sounds/SFX/ambiance.uexp" 1000
"C:/Users/joshu/Documents/Unreal Projects/AFTC/AnythingForTheClip/Content/Assets/Sounds/SFX/E_Sounds.uasset" 1001
"C:/Users/joshu/Documents/Unreal Projects/AFTC/AnythingForTheClip/Content/Assets/Sounds/SFX/E_Sounds.uexp" 1002
"C:/Users/joshu/Documents/Unreal Projects/AFTC/AnythingForTheClip/Content/Assets/Sounds/SFX/Breathing.ubulk" 1003
"C:/Users/joshu/Documents/Unreal Projects/AFTC/AnythingForTheClip/Content/Assets/Sounds/SFX/Breathing.uasset" 1004
"C:/Users/joshu/Documents/Unreal Projects/AFTC/AnythingForTheClip/Content/Assets/Sounds/SFX/Breathing.uexp" 1005
"C:/Users/joshu/Documents/Unreal Projects/AFTC/AnythingForTheClip/Content/Assets/Sounds/SFX/Clock.ubulk" 1006
"C:/Users/joshu/Documents/Unreal Projects/AFTC/AnythingForTheClip/Content/Assets/Sounds/SFX/Clock.uasset" 1007
"C:/Users/joshu/Documents/Unreal Projects/AFTC/AnythingForTheClip/Content/Assets/Sounds/SFX/Clock.uexp" 1008
"C:/Users/joshu/Documents/Unreal Projects/AFTC/AnythingForTheClip/Content/Assets/Sounds/SFX/DoorCreak.ubulk" 1009
"C:/Users/joshu/Documents/Unreal Projects/AFTC/AnythingForTheClip/Content/Assets/Sounds/SFX/DoorCreak.uasset" 1010
"C:/Users/joshu/Documents/Unreal Projects/AFTC/AnythingForTheClip/Content/Assets/Sounds/SFX/DoorCreak.uexp" 1011
"C:/Users/joshu/Documents/Unreal Projects/AFTC/AnythingForTheClip/Content/Assets/Sounds/SFX/FastBreathing.ubulk" 1012
"C:/Users/joshu/Documents/Unreal Projects/AFTC/AnythingForTheClip/Content/Assets/Sounds/SFX/FastBreathing.uasset" 1013
"C:/Users/joshu/Documents/Unreal Projects/AFTC/AnythingForTheClip/Content/Assets/Sounds/SFX/FastBreathing.uexp" 1014
"C:/Users/joshu/Documents/Unreal Projects/AFTC/AnythingForTheClip/Content/Assets/Sounds/SFX/footstepv2.ubulk" 1015
"C:/Users/joshu/Documents/Unreal Projects/AFTC/AnythingForTheClip/Content/Assets/Sounds/SFX/footstepv2.uasset" 1016
"C:/Users/joshu/Documents/Unreal Projects/AFTC/AnythingForTheClip/Content/Assets/Sounds/SFX/footstepv2.uexp" 1017
"C:/Users/joshu/Documents/Unreal Projects/AFTC/AnythingForTheClip/Content/Assets/Sounds/SFX/Metal_Drop.ubulk" 1018
"C:/Users/joshu/Documents/Unreal Projects/AFTC/AnythingForTheClip/Content/Assets/Sounds/SFX/Metal_Drop.uasset" 1019
"C:/Users/joshu/Documents/Unreal Projects/AFTC/AnythingForTheClip/Content/Assets/Sounds/SFX/Metal_Drop.uexp" 1020
"C:/Users/joshu/Documents/Unreal Projects/AFTC/AnythingForTheClip/Content/Assets/Sounds/SFX/Object_Drop.ubulk" 1021
"C:/Users/joshu/Documents/Unreal Projects/AFTC/AnythingForTheClip/Content/Assets/Sounds/SFX/Object_Drop.uasset" 1022
"C:/Users/joshu/Documents/Unreal Projects/AFTC/AnythingForTheClip/Content/Assets/Sounds/SFX/Object_Drop.uexp" 1023
"C:/Users/joshu/Documents/Unreal Projects/AFTC/AnythingForTheClip/Content/Assets/Sounds/SFX/step1.ubulk" 1024
"C:/Users/joshu/Documents/Unreal Projects/AFTC/AnythingForTheClip/Content/Assets/Sounds/SFX/step1.uasset" 1025
"C:/Users/joshu/Documents/Unreal Projects/AFTC/AnythingForTheClip/Content/Assets/Sounds/SFX/step1.uexp" 1026
"C:/Users/joshu/Documents/Unreal Projects/AFTC/AnythingForTheClip/Content/Assets/Sounds/SFX/Thunder.ubulk" 1027
"C:/Users/joshu/Documents/Unreal Projects/AFTC/AnythingForTheClip/Content/Assets/Sounds/SFX/Thunder.uasset" 1028
"C:/Users/joshu/Documents/Unreal Projects/AFTC/AnythingForTheClip/Content/Assets/Sounds/SFX/Thunder.uexp" 1029
"C:/Users/joshu/Documents/Unreal Projects/AFTC/AnythingForTheClip/Content/Assets/Sounds/SFX/Whisper.ubulk" 1030
"C:/Users/joshu/Documents/Unreal Projects/AFTC/AnythingForTheClip/Content/Assets/Sounds/SFX/Whisper.uasset" 1031
"C:/Users/joshu/Documents/Unreal Projects/AFTC/AnythingForTheClip/Content/Assets/Sounds/SFX/Whisper.uexp" 1032
"C:/Users/joshu/Documents/Unreal Projects/AFTC/AnythingForTheClip/Content/Blueprints/Singleton/BP_AudioManager.uasset" 1033
"C:/Users/joshu/Documents/Unreal Projects/AFTC/AnythingForTheClip/Content/Blueprints/Singleton/BP_AudioManager.uexp" 1034
"C:/Users/joshu/Documents/Unreal Projects/AFTC/AnythingForTheClip/Content/Blueprints/Environment/Interactables/Items/BP_IO_BaseItem.uasset" 1035
"C:/Users/joshu/Documents/Unreal Projects/AFTC/AnythingForTheClip/Content/Blueprints/Environment/Interactables/Items/BP_IO_BaseItem.uexp" 1036
"C:/Users/joshu/Documents/Unreal Projects/AFTC/AnythingForTheClip/Content/Blueprints/Player/BP_OBJPool.uasset" 1037
"C:/Users/joshu/Documents/Unreal Projects/AFTC/AnythingForTheClip/Content/Blueprints/Player/BP_OBJPool.uexp" 1038
"../../../Engine/Content/EngineFonts/Faces/DroidSansMono.uexp" 1039
"../../../Engine/Content/EngineFonts/Faces/DroidSansMono.uasset" 1040
"../../../Engine/Content/EngineFonts/Faces/DroidSansMono.ufont" 1041
"../../../Engine/Content/EngineFonts/DroidSansMono.uasset" 1042
"../../../Engine/Content/EngineFonts/DroidSansMono.uexp" 1043
"C:/Users/joshu/Documents/Unreal Projects/AFTC/AnythingForTheClip/Content/Assets/2D/UI/Paused.ubulk" 1044
"C:/Users/joshu/Documents/Unreal Projects/AFTC/AnythingForTheClip/Content/Assets/2D/UI/Paused.uasset" 1045
"C:/Users/joshu/Documents/Unreal Projects/AFTC/AnythingForTheClip/Content/Assets/2D/UI/Paused.uexp" 1046
"C:/Users/joshu/Documents/Unreal Projects/AFTC/AnythingForTheClip/Content/Assets/2D/UI/Play.ubulk" 1047
"C:/Users/joshu/Documents/Unreal Projects/AFTC/AnythingForTheClip/Content/Assets/2D/UI/Play.uasset" 1048
"C:/Users/joshu/Documents/Unreal Projects/AFTC/AnythingForTheClip/Content/Assets/2D/UI/Play.uexp" 1049
"C:/Users/joshu/Documents/Unreal Projects/AFTC/AnythingForTheClip/Content/Assets/2D/UI/UICurve.uasset" 1050
"C:/Users/joshu/Documents/Unreal Projects/AFTC/AnythingForTheClip/Content/Assets/2D/UI/UICurve.uexp" 1051
"C:/Users/joshu/Documents/Unreal Projects/AFTC/AnythingForTheClip/Content/Assets/2D/UI/Volume.ubulk" 1052
"C:/Users/joshu/Documents/Unreal Projects/AFTC/AnythingForTheClip/Content/Assets/2D/UI/Volume.uasset" 1053
"C:/Users/joshu/Documents/Unreal Projects/AFTC/AnythingForTheClip/Content/Assets/2D/UI/Volume.uexp" 1054
"../../../Engine/Content/EngineResources/DefaultTexture.ubulk" 1055
"../../../Engine/Content/EngineResources/DefaultTexture.uasset" 1056
"../../../Engine/Content/EngineResources/DefaultTexture.uexp" 1057
"../../../Engine/Content/Functions/Engine_MaterialFunctions01/Density/ExponentialDensity.uasset" 1058
"../../../Engine/Content/Functions/Engine_MaterialFunctions01/Density/ExponentialDensity.uexp" 1059
"../../../Engine/Content/Functions/Engine_MaterialFunctions01/Gradient/RadialGradientExponential.uasset" 1060
"../../../Engine/Content/Functions/Engine_MaterialFunctions01/Gradient/RadialGradientExponential.uexp" 1061
"C:/Users/joshu/Documents/Unreal Projects/AFTC/AnythingForTheClip/Content/Materials/Shaders/PostProcessing/M_S_UI_PixelHUD.uasset" 1062
"C:/Users/joshu/Documents/Unreal Projects/AFTC/AnythingForTheClip/Content/Materials/Shaders/PostProcessing/M_S_UI_PixelHUD.uexp" 1063
"C:/Users/joshu/Documents/Unreal Projects/AFTC/AnythingForTheClip/Content/Blueprints/UI/BPW_MainHUD.uasset" 1064
"C:/Users/joshu/Documents/Unreal Projects/AFTC/AnythingForTheClip/Content/Blueprints/UI/BPW_MainHUD.uexp" 1065
"C:/Users/joshu/Documents/Unreal Projects/AFTC/AnythingForTheClip/Content/Blueprints/Player/BP_Player_Backpack.uasset" 1066
"C:/Users/joshu/Documents/Unreal Projects/AFTC/AnythingForTheClip/Content/Blueprints/Player/BP_Player_Backpack.uexp" 1067
"C:/Users/joshu/Documents/Unreal Projects/AFTC/AnythingForTheClip/Content/Blueprints/Environment/BP_Exit.uasset" 1068
"C:/Users/joshu/Documents/Unreal Projects/AFTC/AnythingForTheClip/Content/Blueprints/Environment/BP_Exit.uexp" 1069
"C:/Users/joshu/Documents/Unreal Projects/AFTC/AnythingForTheClip/Content/Materials/Environment/Structure/PM_Tile.uasset" 1070
"C:/Users/joshu/Documents/Unreal Projects/AFTC/AnythingForTheClip/Content/Materials/Environment/Structure/PM_Tile.uexp" 1071
"C:/Users/joshu/Documents/Unreal Projects/AFTC/AnythingForTheClip/Content/Materials/Environment/Structure/PM_Wood.uasset" 1072
"C:/Users/joshu/Documents/Unreal Projects/AFTC/AnythingForTheClip/Content/Materials/Environment/Structure/PM_Wood.uexp" 1073
"C:/Users/joshu/Documents/Unreal Projects/AFTC/AnythingForTheClip/Content/Blueprints/UI/BPW_UI_Pause_Controls_Remap.uasset" 1074
"C:/Users/joshu/Documents/Unreal Projects/AFTC/AnythingForTheClip/Content/Blueprints/UI/BPW_UI_Pause_Controls_Remap.uexp" 1075
"C:/Users/joshu/Documents/Unreal Projects/AFTC/AnythingForTheClip/Content/Blueprints/Player/Input/IA_Esc.uasset" 1076
"C:/Users/joshu/Documents/Unreal Projects/AFTC/AnythingForTheClip/Content/Blueprints/Player/Input/IA_Esc.uexp" 1077
"C:/Users/joshu/Documents/Unreal Projects/AFTC/AnythingForTheClip/Content/Blueprints/UI/BPW_UI_Pause_Controls.uasset" 1078
"C:/Users/joshu/Documents/Unreal Projects/AFTC/AnythingForTheClip/Content/Blueprints/UI/BPW_UI_Pause_Controls.uexp" 1079
"C:/Users/joshu/Documents/Unreal Projects/AFTC/AnythingForTheClip/Content/Blueprints/UI/BPW_UI_Pause.uasset" 1080
"C:/Users/joshu/Documents/Unreal Projects/AFTC/AnythingForTheClip/Content/Blueprints/UI/BPW_UI_Pause.uexp" 1081
"C:/Users/joshu/Documents/Unreal Projects/AFTC/AnythingForTheClip/Content/Blueprints/Player/BP_DeathCamera.uasset" 1082
"C:/Users/joshu/Documents/Unreal Projects/AFTC/AnythingForTheClip/Content/Blueprints/Player/BP_DeathCamera.uexp" 1083
"C:/Users/joshu/Documents/Unreal Projects/AFTC/AnythingForTheClip/Content/Blueprints/Entity/E_Entity_States.uasset" 1084
"C:/Users/joshu/Documents/Unreal Projects/AFTC/AnythingForTheClip/Content/Blueprints/Entity/E_Entity_States.uexp" 1085
"../../../Engine/Plugins/Interchange/Assets/Content/Functions/MF_PhongToMetalRoughness.uasset" 1086
"../../../Engine/Plugins/Interchange/Assets/Content/Functions/MF_PhongToMetalRoughness.uexp" 1087
"C:/Users/joshu/Documents/Unreal Projects/AFTC/AnythingForTheClip/Content/Assets/Models/Hatman/Material.uasset" 1088
"C:/Users/joshu/Documents/Unreal Projects/AFTC/AnythingForTheClip/Content/Assets/Models/Hatman/Material.uexp" 1089
"C:/Users/joshu/Documents/Unreal Projects/AFTC/AnythingForTheClip/Content/Assets/Models/Hatman/Body.ubulk" 1090
"C:/Users/joshu/Documents/Unreal Projects/AFTC/AnythingForTheClip/Content/Assets/Models/Hatman/Body.uasset" 1091
"C:/Users/joshu/Documents/Unreal Projects/AFTC/AnythingForTheClip/Content/Assets/Models/Hatman/Body.uexp" 1092
"C:/Users/joshu/Documents/Unreal Projects/AFTC/AnythingForTheClip/Content/Assets/Models/Hatman/Arm.ubulk" 1093
"C:/Users/joshu/Documents/Unreal Projects/AFTC/AnythingForTheClip/Content/Assets/Models/Hatman/Arm.uasset" 1094
"C:/Users/joshu/Documents/Unreal Projects/AFTC/AnythingForTheClip/Content/Assets/Models/Hatman/Arm.uexp" 1095
"C:/Users/joshu/Documents/Unreal Projects/AFTC/AnythingForTheClip/Content/Assets/Models/Hatman/Hat.ubulk" 1096
"C:/Users/joshu/Documents/Unreal Projects/AFTC/AnythingForTheClip/Content/Assets/Models/Hatman/Hat.uasset" 1097
"C:/Users/joshu/Documents/Unreal Projects/AFTC/AnythingForTheClip/Content/Assets/Models/Hatman/Hat.uexp" 1098
"C:/Users/joshu/Documents/Unreal Projects/AFTC/AnythingForTheClip/Content/Assets/Models/Hatman/Texture.ubulk" 1099
"C:/Users/joshu/Documents/Unreal Projects/AFTC/AnythingForTheClip/Content/Assets/Models/Hatman/Texture.uasset" 1100
"C:/Users/joshu/Documents/Unreal Projects/AFTC/AnythingForTheClip/Content/Assets/Models/Hatman/Texture.uexp" 1101
"C:/Users/joshu/Documents/Unreal Projects/AFTC/AnythingForTheClip/Content/Assets/Models/Hatman/M_HatMan.uasset" 1102
"C:/Users/joshu/Documents/Unreal Projects/AFTC/AnythingForTheClip/Content/Assets/Models/Hatman/M_HatMan.uexp" 1103
"C:/Users/joshu/Documents/Unreal Projects/AFTC/AnythingForTheClip/Content/Blueprints/Entity/BP_Entity.uasset" 1104
"C:/Users/joshu/Documents/Unreal Projects/AFTC/AnythingForTheClip/Content/Blueprints/Entity/BP_Entity.uexp" 1105
"C:/Users/joshu/Documents/Unreal Projects/AFTC/AnythingForTheClip/Content/Blueprints/Player/Input/IA_Backpack.uasset" 1106
"C:/Users/joshu/Documents/Unreal Projects/AFTC/AnythingForTheClip/Content/Blueprints/Player/Input/IA_Backpack.uexp" 1107
"C:/Users/joshu/Documents/Unreal Projects/AFTC/AnythingForTheClip/Content/Blueprints/Player/Input/IA_Lean.uasset" 1108
"C:/Users/joshu/Documents/Unreal Projects/AFTC/AnythingForTheClip/Content/Blueprints/Player/Input/IA_Lean.uexp" 1109
"C:/Users/joshu/Documents/Unreal Projects/AFTC/AnythingForTheClip/Content/Blueprints/Player/Input/IA_LeftClick.uasset" 1110
"C:/Users/joshu/Documents/Unreal Projects/AFTC/AnythingForTheClip/Content/Blueprints/Player/Input/IA_LeftClick.uexp" 1111
"C:/Users/joshu/Documents/Unreal Projects/AFTC/AnythingForTheClip/Content/Blueprints/Player/Input/IA_Look.uasset" 1112
"C:/Users/joshu/Documents/Unreal Projects/AFTC/AnythingForTheClip/Content/Blueprints/Player/Input/IA_Look.uexp" 1113
"C:/Users/joshu/Documents/Unreal Projects/AFTC/AnythingForTheClip/Content/Blueprints/Player/Input/IA_Move.uasset" 1114
"C:/Users/joshu/Documents/Unreal Projects/AFTC/AnythingForTheClip/Content/Blueprints/Player/Input/IA_Move.uexp" 1115
"C:/Users/joshu/Documents/Unreal Projects/AFTC/AnythingForTheClip/Content/Blueprints/Player/Input/IA_Sprint.uasset" 1116
"C:/Users/joshu/Documents/Unreal Projects/AFTC/AnythingForTheClip/Content/Blueprints/Player/Input/IA_Sprint.uexp" 1117
"C:/Users/joshu/Documents/Unreal Projects/AFTC/AnythingForTheClip/Content/Blueprints/Player/Input/IMC_Game_Player.uasset" 1118
"C:/Users/joshu/Documents/Unreal Projects/AFTC/AnythingForTheClip/Content/Blueprints/Player/Input/IMC_Game_Player.uexp" 1119
"C:/Users/joshu/Documents/Unreal Projects/AFTC/AnythingForTheClip/Content/Blueprints/Player/BP_PlayerCharacter.uasset" 1120
"C:/Users/joshu/Documents/Unreal Projects/AFTC/AnythingForTheClip/Content/Blueprints/Player/BP_PlayerCharacter.uexp" 1121
"C:/Users/joshu/Documents/Unreal Projects/AFTC/AnythingForTheClip/Content/Blueprints/Singleton/BP_Singleton.uasset" 1122
"C:/Users/joshu/Documents/Unreal Projects/AFTC/AnythingForTheClip/Content/Blueprints/Singleton/BP_Singleton.uexp" 1123
"C:/Users/joshu/Documents/Unreal Projects/AFTC/AnythingForTheClip/Content/Materials/Shaders/PostProcessing/M_S_UI_Pixel.uasset" 1124
"C:/Users/joshu/Documents/Unreal Projects/AFTC/AnythingForTheClip/Content/Materials/Shaders/PostProcessing/M_S_UI_Pixel.uexp" 1125
"C:/Users/joshu/Documents/Unreal Projects/AFTC/AnythingForTheClip/Content/Assets/Movies/Vid3/video3.uasset" 1126
"C:/Users/joshu/Documents/Unreal Projects/AFTC/AnythingForTheClip/Content/Assets/Movies/Vid3/video3.uexp" 1127
"C:/Users/joshu/Documents/Unreal Projects/AFTC/AnythingForTheClip/Content/Assets/Movies/Vid3/M_Player_3.uasset" 1128
"C:/Users/joshu/Documents/Unreal Projects/AFTC/AnythingForTheClip/Content/Assets/Movies/Vid3/M_Player_3.uexp" 1129
"C:/Users/joshu/Documents/Unreal Projects/AFTC/AnythingForTheClip/Content/Assets/Movies/Vid3/M_Player_3_Video.uasset" 1130
"C:/Users/joshu/Documents/Unreal Projects/AFTC/AnythingForTheClip/Content/Assets/Movies/Vid3/M_Player_3_Video.uexp" 1131
"C:/Users/joshu/Documents/Unreal Projects/AFTC/AnythingForTheClip/Content/Assets/Movies/Vid3/M_Player_3_Video_Mat.uasset" 1132
"C:/Users/joshu/Documents/Unreal Projects/AFTC/AnythingForTheClip/Content/Assets/Movies/Vid3/M_Player_3_Video_Mat.uexp" 1133
"C:/Users/joshu/Documents/Unreal Projects/AFTC/AnythingForTheClip/Content/Assets/Movies/Vid2/vid2.uasset" 1134
"C:/Users/joshu/Documents/Unreal Projects/AFTC/AnythingForTheClip/Content/Assets/Movies/Vid2/vid2.uexp" 1135
"C:/Users/joshu/Documents/Unreal Projects/AFTC/AnythingForTheClip/Content/Assets/Movies/Vid2/M_Player_Vid2.uasset" 1136
"C:/Users/joshu/Documents/Unreal Projects/AFTC/AnythingForTheClip/Content/Assets/Movies/Vid2/M_Player_Vid2.uexp" 1137
"C:/Users/joshu/Documents/Unreal Projects/AFTC/AnythingForTheClip/Content/Assets/Movies/Vid2/M_Player_Vid2_Video.uasset" 1138
"C:/Users/joshu/Documents/Unreal Projects/AFTC/AnythingForTheClip/Content/Assets/Movies/Vid2/M_Player_Vid2_Video.uexp" 1139
"C:/Users/joshu/Documents/Unreal Projects/AFTC/AnythingForTheClip/Content/Assets/Movies/Vid2/M_Player2_Mat.uasset" 1140
"C:/Users/joshu/Documents/Unreal Projects/AFTC/AnythingForTheClip/Content/Assets/Movies/Vid2/M_Player2_Mat.uexp" 1141
"C:/Users/joshu/Documents/Unreal Projects/AFTC/AnythingForTheClip/Content/Assets/Movies/Vid1/trim.uasset" 1142
"C:/Users/joshu/Documents/Unreal Projects/AFTC/AnythingForTheClip/Content/Assets/Movies/Vid1/trim.uexp" 1143
"C:/Users/joshu/Documents/Unreal Projects/AFTC/AnythingForTheClip/Content/Assets/Movies/Vid1/M_Player1.uasset" 1144
"C:/Users/joshu/Documents/Unreal Projects/AFTC/AnythingForTheClip/Content/Assets/Movies/Vid1/M_Player1.uexp" 1145
"C:/Users/joshu/Documents/Unreal Projects/AFTC/AnythingForTheClip/Content/Assets/Movies/Vid1/M_Player1_Video.uasset" 1146
"C:/Users/joshu/Documents/Unreal Projects/AFTC/AnythingForTheClip/Content/Assets/Movies/Vid1/M_Player1_Video.uexp" 1147
"C:/Users/joshu/Documents/Unreal Projects/AFTC/AnythingForTheClip/Content/Assets/Movies/Vid1/M_Video1.uasset" 1148
"C:/Users/joshu/Documents/Unreal Projects/AFTC/AnythingForTheClip/Content/Assets/Movies/Vid1/M_Video1.uexp" 1149
"C:/Users/joshu/Documents/Unreal Projects/AFTC/AnythingForTheClip/Content/Blueprints/UI/MainMenu/BPW_MainMenu.uasset" 1150
"C:/Users/joshu/Documents/Unreal Projects/AFTC/AnythingForTheClip/Content/Blueprints/UI/MainMenu/BPW_MainMenu.uexp" 1151
"C:/Users/joshu/Documents/Unreal Projects/AFTC/AnythingForTheClip/Content/Blueprints/Player/MainMenu/BP_Player_UI.uasset" 1152
"C:/Users/joshu/Documents/Unreal Projects/AFTC/AnythingForTheClip/Content/Blueprints/Player/MainMenu/BP_Player_UI.uexp" 1153
"C:/Users/joshu/Documents/Unreal Projects/AFTC/AnythingForTheClip/Content/Blueprints/UI/MainMenu/BP_GameMode_MainMenu.uasset" 1154
"C:/Users/joshu/Documents/Unreal Projects/AFTC/AnythingForTheClip/Content/Blueprints/UI/MainMenu/BP_GameMode_MainMenu.uexp" 1155
"C:/Users/joshu/Documents/Unreal Projects/AFTC/AnythingForTheClip/Content/Levels/LV_MainMenu.uexp" 1156
"C:/Users/joshu/Documents/Unreal Projects/AFTC/AnythingForTheClip/Content/Levels/LV_MainMenu.umap" 1157
"../../../Engine/Content/EngineMaterials/DefaultPhysicalMaterial.uasset" 1158
"../../../Engine/Content/EngineMaterials/DefaultPhysicalMaterial.uexp" 1159
"C:/Users/joshu/Documents/Unreal Projects/AFTC/AnythingForTheClip/Content/Materials/Shaders/PostProcessing/M_S_Pixel.uasset" 1160
"C:/Users/joshu/Documents/Unreal Projects/AFTC/AnythingForTheClip/Content/Materials/Shaders/PostProcessing/M_S_Pixel.uexp" 1161
"C:/Users/joshu/Documents/Unreal Projects/AFTC/AnythingForTheClip/Content/Blueprints/BP_MainGame.uasset" 1162
"C:/Users/joshu/Documents/Unreal Projects/AFTC/AnythingForTheClip/Content/Blueprints/BP_MainGame.uexp" 1163
"C:/Users/joshu/Documents/Unreal Projects/AFTC/AnythingForTheClip/Content/Blueprints/Environment/BP_Voices.uasset" 1164
"C:/Users/joshu/Documents/Unreal Projects/AFTC/AnythingForTheClip/Content/Blueprints/Environment/BP_Voices.uexp" 1165
"C:/Users/joshu/Documents/Unreal Projects/AFTC/AnythingForTheClip/Content/Blueprints/Entity/BP_Entity_Spawner.uasset" 1166
"C:/Users/joshu/Documents/Unreal Projects/AFTC/AnythingForTheClip/Content/Blueprints/Entity/BP_Entity_Spawner.uexp" 1167
"C:/Users/joshu/Documents/Unreal Projects/AFTC/AnythingForTheClip/Content/Blueprints/Environment/Interactables/Items/BP_IO_BaseSpawn.uasset" 1168
"C:/Users/joshu/Documents/Unreal Projects/AFTC/AnythingForTheClip/Content/Blueprints/Environment/Interactables/Items/BP_IO_BaseSpawn.uexp" 1169
"C:/Users/joshu/Documents/Unreal Projects/AFTC/AnythingForTheClip/Content/Assets/Models/Items/SodaCan/SodaTex.ubulk" 1170
"C:/Users/joshu/Documents/Unreal Projects/AFTC/AnythingForTheClip/Content/Assets/Models/Items/SodaCan/SodaTex.uasset" 1171
"C:/Users/joshu/Documents/Unreal Projects/AFTC/AnythingForTheClip/Content/Assets/Models/Items/SodaCan/SodaTex.uexp" 1172
"C:/Users/joshu/Documents/Unreal Projects/AFTC/AnythingForTheClip/Content/Assets/Models/Items/SodaCan/CanMaterial.uasset" 1173
"C:/Users/joshu/Documents/Unreal Projects/AFTC/AnythingForTheClip/Content/Assets/Models/Items/SodaCan/CanMaterial.uexp" 1174
"C:/Users/joshu/Documents/Unreal Projects/AFTC/AnythingForTheClip/Content/Assets/Models/Items/SodaCan/Soda.ubulk" 1175
"C:/Users/joshu/Documents/Unreal Projects/AFTC/AnythingForTheClip/Content/Assets/Models/Items/SodaCan/Soda.uasset" 1176
"C:/Users/joshu/Documents/Unreal Projects/AFTC/AnythingForTheClip/Content/Assets/Models/Items/SodaCan/Soda.uexp" 1177
"C:/Users/joshu/Documents/Unreal Projects/AFTC/AnythingForTheClip/Content/Blueprints/Environment/Interactables/Items/SodaCan/BP_IO_SodaCan.uasset" 1178
"C:/Users/joshu/Documents/Unreal Projects/AFTC/AnythingForTheClip/Content/Blueprints/Environment/Interactables/Items/SodaCan/BP_IO_SodaCan.uexp" 1179
"C:/Users/joshu/Documents/Unreal Projects/AFTC/AnythingForTheClip/Content/Blueprints/Environment/Interactables/Items/SodaCan/BP_IO_SodaCan_Spawner.uasset" 1180
"C:/Users/joshu/Documents/Unreal Projects/AFTC/AnythingForTheClip/Content/Blueprints/Environment/Interactables/Items/SodaCan/BP_IO_SodaCan_Spawner.uexp" 1181
"C:/Users/joshu/Documents/Unreal Projects/AFTC/AnythingForTheClip/Content/Materials/Environment/Structure/M_TileFloor.uasset" 1182
"C:/Users/joshu/Documents/Unreal Projects/AFTC/AnythingForTheClip/Content/Materials/Environment/Structure/M_TileFloor.uexp" 1183
"C:/Users/joshu/Documents/Unreal Projects/AFTC/AnythingForTheClip/Content/Materials/Environment/Structure/M_WoodFloor.uasset" 1184
"C:/Users/joshu/Documents/Unreal Projects/AFTC/AnythingForTheClip/Content/Materials/Environment/Structure/M_WoodFloor.uexp" 1185
"C:/Users/joshu/Documents/Unreal Projects/AFTC/AnythingForTheClip/Content/Materials/Shaders/PostProcessing/M_S_UI_Fishbowl_HUD.uasset" 1186
"C:/Users/joshu/Documents/Unreal Projects/AFTC/AnythingForTheClip/Content/Materials/Shaders/PostProcessing/M_S_UI_Fishbowl_HUD.uexp" 1187
"C:/Users/joshu/Documents/Unreal Projects/AFTC/AnythingForTheClip/Content/Materials/Shaders/PostProcessing/M_S_UI_Fishbowl_HUD_Inst.uasset" 1188
"C:/Users/joshu/Documents/Unreal Projects/AFTC/AnythingForTheClip/Content/Materials/Shaders/PostProcessing/M_S_UI_Fishbowl_HUD_Inst.uexp" 1189
"C:/Users/joshu/Documents/Unreal Projects/AFTC/AnythingForTheClip/Content/Blueprints/Environment/Interactables/Items/HockeyStick/BP_IO_HockeyStick.uasset" 1190
"C:/Users/joshu/Documents/Unreal Projects/AFTC/AnythingForTheClip/Content/Blueprints/Environment/Interactables/Items/HockeyStick/BP_IO_HockeyStick.uexp" 1191
"C:/Users/joshu/Documents/Unreal Projects/AFTC/AnythingForTheClip/Content/Blueprints/Environment/Interactables/Items/HockeyStick/BP_IO_HockeyStick_Spawner.uasset" 1192
"C:/Users/joshu/Documents/Unreal Projects/AFTC/AnythingForTheClip/Content/Blueprints/Environment/Interactables/Items/HockeyStick/BP_IO_HockeyStick_Spawner.uexp" 1193
"C:/Users/joshu/Documents/Unreal Projects/AFTC/AnythingForTheClip/Content/Blueprints/Environment/Interactables/Items/Doll/BP_IO_Doll.uasset" 1194
"C:/Users/joshu/Documents/Unreal Projects/AFTC/AnythingForTheClip/Content/Blueprints/Environment/Interactables/Items/Doll/BP_IO_Doll.uexp" 1195
"C:/Users/joshu/Documents/Unreal Projects/AFTC/AnythingForTheClip/Content/Blueprints/Environment/Interactables/Items/Doll/BP_IO_DollSpawner.uasset" 1196
"C:/Users/joshu/Documents/Unreal Projects/AFTC/AnythingForTheClip/Content/Blueprints/Environment/Interactables/Items/Doll/BP_IO_DollSpawner.uexp" 1197
"C:/Users/joshu/Documents/Unreal Projects/AFTC/AnythingForTheClip/Content/Blueprints/Environment/Interactables/Items/ChocBar/BP_IO_ChocBar.uasset" 1198
"C:/Users/joshu/Documents/Unreal Projects/AFTC/AnythingForTheClip/Content/Blueprints/Environment/Interactables/Items/ChocBar/BP_IO_ChocBar.uexp" 1199
"C:/Users/joshu/Documents/Unreal Projects/AFTC/AnythingForTheClip/Content/Blueprints/Environment/Interactables/Items/ChocBar/BP_IO_ChocBar_Spawner.uasset" 1200
"C:/Users/joshu/Documents/Unreal Projects/AFTC/AnythingForTheClip/Content/Blueprints/Environment/Interactables/Items/ChocBar/BP_IO_ChocBar_Spawner.uexp" 1201
"C:/Users/joshu/Documents/Unreal Projects/AFTC/AnythingForTheClip/Content/Blueprints/Environment/Interactables/Items/Chips/BP_IO_Chips.uasset" 1202
"C:/Users/joshu/Documents/Unreal Projects/AFTC/AnythingForTheClip/Content/Blueprints/Environment/Interactables/Items/Chips/BP_IO_Chips.uexp" 1203
"C:/Users/joshu/Documents/Unreal Projects/AFTC/AnythingForTheClip/Content/Blueprints/Environment/Interactables/Items/Chips/BP_IO_Chips_Spawner.uasset" 1204
"C:/Users/joshu/Documents/Unreal Projects/AFTC/AnythingForTheClip/Content/Blueprints/Environment/Interactables/Items/Chips/BP_IO_Chips_Spawner.uexp" 1205
"C:/Users/joshu/Documents/Unreal Projects/AFTC/AnythingForTheClip/Content/Blueprints/Environment/Interactables/Items/BoardGame/BP_IO_BoardGame.uasset" 1206
"C:/Users/joshu/Documents/Unreal Projects/AFTC/AnythingForTheClip/Content/Blueprints/Environment/Interactables/Items/BoardGame/BP_IO_BoardGame.uexp" 1207
"C:/Users/joshu/Documents/Unreal Projects/AFTC/AnythingForTheClip/Content/Blueprints/Environment/Interactables/Items/BoardGame/BP_IO_BoardGame_Spawner.uasset" 1208
"C:/Users/joshu/Documents/Unreal Projects/AFTC/AnythingForTheClip/Content/Blueprints/Environment/Interactables/Items/BoardGame/BP_IO_BoardGame_Spawner.uexp" 1209
"../../../Engine/Content/EngineMeshes/Sphere.ubulk" 1210
"../../../Engine/Content/EngineMeshes/Sphere.uasset" 1211
"../../../Engine/Content/EngineMeshes/Sphere.uexp" 1212
"C:/Users/joshu/Documents/Unreal Projects/AFTC/AnythingForTheClip/Content/Blueprints/Environment/Interactables/Items/Basketball/BP_IO_BasketBall.uasset" 1213
"C:/Users/joshu/Documents/Unreal Projects/AFTC/AnythingForTheClip/Content/Blueprints/Environment/Interactables/Items/Basketball/BP_IO_BasketBall.uexp" 1214
"C:/Users/joshu/Documents/Unreal Projects/AFTC/AnythingForTheClip/Content/Blueprints/Environment/Interactables/Items/Basketball/BP_IO_BasketBall_Spawner.uasset" 1215
"C:/Users/joshu/Documents/Unreal Projects/AFTC/AnythingForTheClip/Content/Blueprints/Environment/Interactables/Items/Basketball/BP_IO_BasketBall_Spawner.uexp" 1216
"C:/Users/joshu/Documents/Unreal Projects/AFTC/AnythingForTheClip/Content/Levels/LV_BlockoutTest.uexp" 1217
"C:/Users/joshu/Documents/Unreal Projects/AFTC/AnythingForTheClip/Content/Levels/LV_BlockoutTest.ubulk" 1218
"C:/Users/joshu/Documents/Unreal Projects/AFTC/AnythingForTheClip/Content/Levels/LV_BlockoutTest.umap" 1219
